fecha_utc,bloque,tecnica,modelo,datos,metricas,hiperparametros,semilla,notas
2026-07-28T21:03:03+00:00,2_preprocesamiento,imputacion,LogisticRegression,train con NaN,"{""f1"": 0.88453, ""mcc"": 0.82212}","{""imputador"": ""media""}",42,
2026-07-28T21:03:03+00:00,2_preprocesamiento,imputacion,LogisticRegression,train con NaN,"{""f1"": 0.88378, ""mcc"": 0.82079}","{""imputador"": ""mediana""}",42,
2026-07-28T21:03:03+00:00,2_preprocesamiento,imputacion,LogisticRegression,train con NaN,"{""f1"": 0.88183, ""mcc"": 0.81757}","{""imputador"": ""moda""}",42,
2026-07-28T21:03:03+00:00,2_preprocesamiento,imputacion,LogisticRegression,train con NaN,"{""f1"": 0.90469, ""mcc"": 0.85273}","{""imputador"": ""constante_-1""}",42,
2026-07-28T21:03:03+00:00,2_preprocesamiento,imputacion,LogisticRegression,train con NaN,"{""f1"": 0.90569, ""mcc"": 0.85446}","{""imputador"": ""mediana+indicador""}",42,
2026-07-28T21:03:03+00:00,2_preprocesamiento,imputacion,LogisticRegression,train con NaN,"{""f1"": 0.90567, ""mcc"": 0.85443}","{""imputador"": ""media+indicador""}",42,
2026-07-28T21:03:03+00:00,2_preprocesamiento,imputacion,LogisticRegression,train con NaN,"{""f1"": 0.88827, ""mcc"": 0.82841}","{""imputador"": ""mediana_ref""}",42,
2026-07-28T21:03:03+00:00,2_preprocesamiento,imputacion,LogisticRegression,train con NaN,"{""f1"": 0.89486, ""mcc"": 0.8382}","{""imputador"": ""knn_k5""}",42,
2026-07-28T21:03:03+00:00,2_preprocesamiento,imputacion,LogisticRegression,train con NaN,"{""f1"": 0.88666, ""mcc"": 0.82618}","{""imputador"": ""mice""}",42,
2026-07-28T21:06:41+00:00,2_preprocesamiento,escalado,LogisticRegression,v04_imputado,"{""f1"": 0.87149, ""mcc"": 0.80101}","{""escalador"": ""sin_escalar""}",42,
2026-07-28T21:06:41+00:00,2_preprocesamiento,escalado,LogisticRegression,v04_imputado,"{""f1"": 0.90579, ""mcc"": 0.8546}","{""escalador"": ""StandardScaler""}",42,
2026-07-28T21:06:41+00:00,2_preprocesamiento,escalado,LogisticRegression,v04_imputado,"{""f1"": 0.89991, ""mcc"": 0.84489}","{""escalador"": ""MinMaxScaler""}",42,
2026-07-28T21:06:41+00:00,2_preprocesamiento,escalado,LogisticRegression,v04_imputado,"{""f1"": 0.90561, ""mcc"": 0.85434}","{""escalador"": ""RobustScaler""}",42,
2026-07-28T21:06:41+00:00,2_preprocesamiento,escalado,LogisticRegression,v04_imputado,"{""f1"": 0.8997, ""mcc"": 0.84457}","{""escalador"": ""MaxAbsScaler""}",42,
2026-07-28T21:06:41+00:00,2_preprocesamiento,escalado,LogisticRegression,v04_imputado,"{""f1"": 0.90348, ""mcc"": 0.8511}","{""escalador"": ""PowerTransformer(YJ)""}",42,
2026-07-28T21:08:22+00:00,3_seleccion,seleccion_variables,LogisticRegression,v05_escalado,"{""f1"": 0.90579, ""mcc"": 0.85461}","{""subconjunto"": ""full"", ""n"": 177}",42,
2026-07-28T21:08:22+00:00,3_seleccion,seleccion_variables,LogisticRegression,v05_escalado,"{""f1"": 0.89945, ""mcc"": 0.84476}","{""subconjunto"": ""variance"", ""n"": 109}",42,
2026-07-28T21:08:22+00:00,3_seleccion,seleccion_variables,LogisticRegression,v05_escalado,"{""f1"": 0.89959, ""mcc"": 0.845}","{""subconjunto"": ""filter_corr"", ""n"": 54}",42,
2026-07-28T21:08:22+00:00,3_seleccion,seleccion_variables,LogisticRegression,v05_escalado,"{""f1"": 0.89958, ""mcc"": 0.84495}","{""subconjunto"": ""embedded_l1"", ""n"": 50}",42,
2026-07-28T21:08:22+00:00,3_seleccion,seleccion_variables,LogisticRegression,v05_escalado,"{""f1"": 0.86844, ""mcc"": 0.79626}","{""subconjunto"": ""embedded_tree"", ""n"": 55}",42,
2026-07-28T21:08:22+00:00,3_seleccion,seleccion_variables,LogisticRegression,v05_escalado,"{""f1"": 0.89961, ""mcc"": 0.845}","{""subconjunto"": ""wrapper"", ""n"": 104}",42,
2026-07-28T21:08:48+00:00,4_reduccion,representacion,LogisticRegression,,"{""f1"": 0.90579, ""mcc"": 0.85461}","{""representacion"": ""completa (177)"", ""n"": 177}",42,
2026-07-28T21:08:48+00:00,4_reduccion,representacion,LogisticRegression,,"{""f1"": 0.89958, ""mcc"": 0.84495}","{""representacion"": ""selecci\u00f3n (50)"", ""n"": 50}",42,
2026-07-28T21:08:48+00:00,4_reduccion,representacion,LogisticRegression,,"{""f1"": 0.87935, ""mcc"": 0.81344}","{""representacion"": ""PCA (52)"", ""n"": 52}",42,
2026-07-28T21:08:48+00:00,4_reduccion,representacion,LogisticRegression,,"{""f1"": 0.89997, ""mcc"": 0.84472}","{""representacion"": ""LDA (1)"", ""n"": 1}",42,
2026-07-28T21:10:58+00:00,2_preprocesamiento,imputacion,LogisticRegression,train con NaN,"{""f1"": 0.88453, ""mcc"": 0.82212}","{""imputador"": ""media""}",42,
2026-07-28T21:10:58+00:00,2_preprocesamiento,imputacion,LogisticRegression,train con NaN,"{""f1"": 0.88378, ""mcc"": 0.82079}","{""imputador"": ""mediana""}",42,
2026-07-28T21:10:58+00:00,2_preprocesamiento,imputacion,LogisticRegression,train con NaN,"{""f1"": 0.88183, ""mcc"": 0.81757}","{""imputador"": ""moda""}",42,
2026-07-28T21:10:58+00:00,2_preprocesamiento,imputacion,LogisticRegression,train con NaN,"{""f1"": 0.90469, ""mcc"": 0.85273}","{""imputador"": ""constante_-1""}",42,
2026-07-28T21:10:58+00:00,2_preprocesamiento,imputacion,LogisticRegression,train con NaN,"{""f1"": 0.90569, ""mcc"": 0.85446}","{""imputador"": ""mediana+indicador""}",42,
2026-07-28T21:10:58+00:00,2_preprocesamiento,imputacion,LogisticRegression,train con NaN,"{""f1"": 0.90567, ""mcc"": 0.85443}","{""imputador"": ""media+indicador""}",42,
2026-07-28T21:10:58+00:00,2_preprocesamiento,imputacion,LogisticRegression,train con NaN,"{""f1"": 0.88827, ""mcc"": 0.82841}","{""imputador"": ""mediana_ref""}",42,
2026-07-28T21:10:58+00:00,2_preprocesamiento,imputacion,LogisticRegression,train con NaN,"{""f1"": 0.89486, ""mcc"": 0.8382}","{""imputador"": ""knn_k5""}",42,
2026-07-28T21:10:58+00:00,2_preprocesamiento,imputacion,LogisticRegression,train con NaN,"{""f1"": 0.88666, ""mcc"": 0.82618}","{""imputador"": ""mice""}",42,
2026-07-28T21:14:34+00:00,2_preprocesamiento,escalado,LogisticRegression,v04_imputado,"{""f1"": 0.87149, ""mcc"": 0.80101}","{""escalador"": ""sin_escalar""}",42,
2026-07-28T21:14:34+00:00,2_preprocesamiento,escalado,LogisticRegression,v04_imputado,"{""f1"": 0.9058, ""mcc"": 0.85462}","{""escalador"": ""StandardScaler""}",42,
2026-07-28T21:14:34+00:00,2_preprocesamiento,escalado,LogisticRegression,v04_imputado,"{""f1"": 0.8996, ""mcc"": 0.84443}","{""escalador"": ""MinMaxScaler""}",42,
2026-07-28T21:14:34+00:00,2_preprocesamiento,escalado,LogisticRegression,v04_imputado,"{""f1"": 0.90575, ""mcc"": 0.85455}","{""escalador"": ""RobustScaler""}",42,
2026-07-28T21:14:34+00:00,2_preprocesamiento,escalado,LogisticRegression,v04_imputado,"{""f1"": 0.89969, ""mcc"": 0.84455}","{""escalador"": ""MaxAbsScaler""}",42,
2026-07-28T21:14:34+00:00,2_preprocesamiento,escalado,LogisticRegression,v04_imputado,"{""f1"": 0.9035, ""mcc"": 0.85113}","{""escalador"": ""PowerTransformer(YJ)""}",42,
2026-07-28T21:16:04+00:00,3_seleccion,seleccion_variables,LogisticRegression,v05_escalado,"{""f1"": 0.90573, ""mcc"": 0.85453}","{""subconjunto"": ""full"", ""n"": 177}",42,
2026-07-28T21:16:04+00:00,3_seleccion,seleccion_variables,LogisticRegression,v05_escalado,"{""f1"": 0.89949, ""mcc"": 0.84483}","{""subconjunto"": ""variance"", ""n"": 109}",42,
2026-07-28T21:16:04+00:00,3_seleccion,seleccion_variables,LogisticRegression,v05_escalado,"{""f1"": 0.89964, ""mcc"": 0.84506}","{""subconjunto"": ""filter_corr"", ""n"": 54}",42,
2026-07-28T21:16:04+00:00,3_seleccion,seleccion_variables,LogisticRegression,v05_escalado,"{""f1"": 0.8997, ""mcc"": 0.84515}","{""subconjunto"": ""embedded_l1"", ""n"": 59}",42,
2026-07-28T21:16:04+00:00,3_seleccion,seleccion_variables,LogisticRegression,v05_escalado,"{""f1"": 0.86844, ""mcc"": 0.79626}","{""subconjunto"": ""embedded_tree"", ""n"": 55}",42,
2026-07-28T21:16:04+00:00,3_seleccion,seleccion_variables,LogisticRegression,v05_escalado,"{""f1"": 0.89949, ""mcc"": 0.84483}","{""subconjunto"": ""wrapper"", ""n"": 109}",42,
2026-07-28T21:16:28+00:00,4_reduccion,representacion,LogisticRegression,,"{""f1"": 0.90573, ""mcc"": 0.85453}","{""representacion"": ""completa (177)"", ""n"": 177}",42,
2026-07-28T21:16:28+00:00,4_reduccion,representacion,LogisticRegression,,"{""f1"": 0.89964, ""mcc"": 0.84506}","{""representacion"": ""selecci\u00f3n (54)"", ""n"": 54}",42,
2026-07-28T21:16:28+00:00,4_reduccion,representacion,LogisticRegression,,"{""f1"": 0.87917, ""mcc"": 0.81318}","{""representacion"": ""PCA (48)"", ""n"": 48}",42,
2026-07-28T21:16:28+00:00,4_reduccion,representacion,LogisticRegression,,"{""f1"": 0.89997, ""mcc"": 0.84472}","{""representacion"": ""LDA (1)"", ""n"": 1}",42,
2026-07-28T21:19:00+00:00,5_balanceo,balanceo,LogisticRegression,v06_seleccionado,"{""f1"": 0.89964, ""mcc"": 0.84506, ""recall"": 0.90715}","{""esquema"": ""sin_balanceo""}",42,
2026-07-28T21:19:00+00:00,5_balanceo,balanceo,LogisticRegression,v06_seleccionado,"{""f1"": 0.89372, ""mcc"": 0.83469, ""recall"": 0.94191}","{""esquema"": ""class_weight_balanced""}",42,
2026-07-28T21:19:00+00:00,5_balanceo,balanceo,LogisticRegression,v06_seleccionado,"{""f1"": 0.89381, ""mcc"": 0.8348, ""recall"": 0.93974}","{""esquema"": ""SMOTE""}",42,
2026-07-28T21:19:00+00:00,5_balanceo,balanceo,LogisticRegression,v06_seleccionado,"{""f1"": 0.88255, ""mcc"": 0.81842, ""recall"": 0.96413}","{""esquema"": ""BorderlineSMOTE""}",42,
2026-07-28T21:19:00+00:00,5_balanceo,balanceo,LogisticRegression,v06_seleccionado,"{""f1"": 0.8854, ""mcc"": 0.82218, ""recall"": 0.95439}","{""esquema"": ""ADASYN""}",42,
2026-07-28T21:19:00+00:00,5_balanceo,balanceo,LogisticRegression,v06_seleccionado,"{""f1"": 0.89336, ""mcc"": 0.83412, ""recall"": 0.94146}","{""esquema"": ""RandomOverSampler""}",42,
2026-07-28T21:19:00+00:00,5_balanceo,balanceo,LogisticRegression,v06_seleccionado,"{""f1"": 0.89337, ""mcc"": 0.83414, ""recall"": 0.94175}","{""esquema"": ""RandomUnderSampler""}",42,
2026-07-28T21:19:00+00:00,5_balanceo,balanceo,LogisticRegression,v06_seleccionado,"{""f1"": 0.89653, ""mcc"": 0.83992, ""recall"": 0.90864}","{""esquema"": ""TomekLinks""}",42,
2026-07-28T21:19:00+00:00,5_balanceo,balanceo,LogisticRegression,v06_seleccionado,"{""f1"": 0.89242, ""mcc"": 0.83258, ""recall"": 0.93695}","{""esquema"": ""SMOTE+Tomek""}",42,
2026-07-28T21:19:00+00:00,5_balanceo,balanceo,LogisticRegression,v06_seleccionado,"{""f1"": 0.88848, ""mcc"": 0.82666, ""recall"": 0.94767}","{""esquema"": ""SMOTE+ENN""}",42,
2026-07-28T21:19:01+00:00,6_modelos,escalados,Dummy(mayoritaria),v06_seleccionado,"{""accuracy_mean"": 0.65031, ""balanced_accuracy_mean"": 0.5, ""precision_mean"": 0.0, ""recall_mean"": 0.0, ""f1_mean"": 0.0, ""mcc_mean"": 0.0, ""roc_auc_mean"": 0.5, ""average_precision_mean"": 0.34969}",{},42,
2026-07-28T21:19:02+00:00,6_modelos,escalados,Dummy(estratificada),v06_seleccionado,"{""accuracy_mean"": 0.54429, ""balanced_accuracy_mean"": 0.49664, ""precision_mean"": 0.34522, ""recall_mean"": 0.33813, ""f1_mean"": 0.34164, ""mcc_mean"": -0.00676, ""roc_auc_mean"": 0.49664, ""average_precision_mean"": 0.34818}",{},42,
2026-07-28T21:19:04+00:00,6_modelos,escalados,LogisticRegression,v06_seleccionado,"{""accuracy_mean"": 0.92923, ""balanced_accuracy_mean"": 0.92412, ""precision_mean"": 0.89227, ""recall_mean"": 0.90715, ""f1_mean"": 0.89964, ""mcc_mean"": 0.84506, ""roc_auc_mean"": 0.97915, ""average_precision_mean"": 0.96169}",{},42,
2026-07-28T21:19:06+00:00,6_modelos,escalados,SGD(log_loss),v06_seleccionado,"{""accuracy_mean"": 0.92768, ""balanced_accuracy_mean"": 0.92152, ""precision_mean"": 0.89317, ""recall_mean"": 0.90104, ""f1_mean"": 0.89704, ""mcc_mean"": 0.84138, ""roc_auc_mean"": 0.97803, ""average_precision_mean"": 0.95952}",{},42,
2026-07-28T21:19:08+00:00,6_modelos,escalados,LDA,v06_seleccionado,"{""accuracy_mean"": 0.9108, ""balanced_accuracy_mean"": 0.91926, ""precision_mean"": 0.82393, ""recall_mean"": 0.9474, ""f1_mean"": 0.88136, ""mcc_mean"": 0.81554, ""roc_auc_mean"": 0.97627, ""average_precision_mean"": 0.9565}",{},42,
2026-07-28T21:19:13+00:00,6_modelos,escalados,LinearSVC,v06_seleccionado,"{""accuracy_mean"": 0.92915, ""balanced_accuracy_mean"": 0.9255, ""precision_mean"": 0.88738, ""recall_mean"": 0.91334, ""f1_mean"": 0.90017, ""mcc_mean"": 0.8455, ""roc_auc_mean"": 0.97911, ""average_precision_mean"": 0.96156}",{},42,
2026-07-28T21:19:30+00:00,6_modelos,escalados,SVM-RBF(Nystroem),v06_seleccionado,"{""accuracy_mean"": 0.94154, ""balanced_accuracy_mean"": 0.93763, ""precision_mean"": 0.9098, ""recall_mean"": 0.92461, ""f1_mean"": 0.91712, ""mcc_mean"": 0.87207, ""roc_auc_mean"": 0.98626, ""average_precision_mean"": 0.97487}",{},42,
2026-07-28T21:19:49+00:00,6_modelos,escalados,kNN(k=5),v06_seleccionado,"{""accuracy_mean"": 0.95083, ""balanced_accuracy_mean"": 0.94385, ""precision_mean"": 0.93764, ""recall_mean"": 0.92063, ""f1_mean"": 0.92905, ""mcc_mean"": 0.89153, ""roc_auc_mean"": 0.98048, ""average_precision_mean"": 0.96079}",{},42,
2026-07-28T21:20:06+00:00,6_modelos,escalados,kNN(k=15),v06_seleccionado,"{""accuracy_mean"": 0.94499, ""balanced_accuracy_mean"": 0.93655, ""precision_mean"": 0.93253, ""recall_mean"": 0.90846, ""f1_mean"": 0.92033, ""mcc_mean"": 0.87852, ""roc_auc_mean"": 0.98539, ""average_precision_mean"": 0.97218}",{},42,
2026-07-28T21:20:07+00:00,6_modelos,escalados,GaussianNB,v06_seleccionado,"{""accuracy_mean"": 0.77455, ""balanced_accuracy_mean"": 0.6898, ""precision_mean"": 0.8859, ""recall_mean"": 0.4079, ""f1_mean"": 0.55844, ""mcc_mean"": 0.4925, ""roc_auc_mean"": 0.94715, ""average_precision_mean"": 0.86468}",{},42,
2026-07-28T21:20:35+00:00,6_modelos,escalados,MLP(100),v06_seleccionado,"{""accuracy_mean"": 0.96056, ""balanced_accuracy_mean"": 0.9556, ""precision_mean"": 0.94778, ""recall_mean"": 0.93908, ""f1_mean"": 0.94337, ""mcc_mean"": 0.91319, ""roc_auc_mean"": 0.99187, ""average_precision_mean"": 0.98551}",{},42,
2026-07-28T21:20:52+00:00,6_modelos,escalados,"MLP(64,32)",v06_seleccionado,"{""accuracy_mean"": 0.96185, ""balanced_accuracy_mean"": 0.95727, ""precision_mean"": 0.94855, ""recall_mean"": 0.94203, ""f1_mean"": 0.94527, ""mcc_mean"": 0.91602, ""roc_auc_mean"": 0.99212, ""average_precision_mean"": 0.98626}",{},42,
2026-07-28T21:20:53+00:00,6_modelos,arboles,DecisionTree,v06_seleccionado_arbol,"{""accuracy_mean"": 0.95208, ""balanced_accuracy_mean"": 0.9473, ""precision_mean"": 0.93153, ""recall_mean"": 0.93141, ""f1_mean"": 0.93147, ""mcc_mean"": 0.89463, ""roc_auc_mean"": 0.9473, ""average_precision_mean"": 0.89163}",{},42,
2026-07-28T21:21:38+00:00,6_modelos,arboles,RandomForest,v06_seleccionado_arbol,"{""accuracy_mean"": 0.96965, ""balanced_accuracy_mean"": 0.96766, ""precision_mean"": 0.95263, ""recall_mean"": 0.96101, ""f1_mean"": 0.9568, ""mcc_mean"": 0.93344, ""roc_auc_mean"": 0.9951, ""average_precision_mean"": 0.9915}",{},42,
2026-07-28T21:22:34+00:00,6_modelos,arboles,ExtraTrees,v06_seleccionado_arbol,"{""accuracy_mean"": 0.96904, ""balanced_accuracy_mean"": 0.96657, ""precision_mean"": 0.95331, ""recall_mean"": 0.95839, ""f1_mean"": 0.95584, ""mcc_mean"": 0.93201, ""roc_auc_mean"": 0.99483, ""average_precision_mean"": 0.99139}",{},42,
2026-07-28T21:22:42+00:00,6_modelos,arboles,HistGradientBoosting,v06_seleccionado_arbol,"{""accuracy_mean"": 0.96587, ""balanced_accuracy_mean"": 0.96292, ""precision_mean"": 0.94949, ""recall_mean"": 0.9531, ""f1_mean"": 0.95129, ""mcc_mean"": 0.92503, ""roc_auc_mean"": 0.99419, ""average_precision_mean"": 0.98978}",{},42,
2026-07-28T21:22:50+00:00,6_modelos,arboles,XGBoost,v06_seleccionado_arbol,"{""accuracy_mean"": 0.97209, ""balanced_accuracy_mean"": 0.96917, ""precision_mean"": 0.96069, ""recall_mean"": 0.95946, ""f1_mean"": 0.96007, ""mcc_mean"": 0.93862, ""roc_auc_mean"": 0.99539, ""average_precision_mean"": 0.99199}",{},42,
2026-07-28T21:23:00+00:00,6_modelos,arboles,LightGBM,v06_seleccionado_arbol,"{""accuracy_mean"": 0.97055, ""balanced_accuracy_mean"": 0.96762, ""precision_mean"": 0.95794, ""recall_mean"": 0.95786, ""f1_mean"": 0.9579, ""mcc_mean"": 0.93526, ""roc_auc_mean"": 0.99544, ""average_precision_mean"": 0.99206}",{},42,
2026-07-28T21:38:17+00:00,7_optimizacion,optuna_tpe,XGBoost,v06_seleccionado_arbol,{},"{""n_estimators"": 596, ""max_depth"": 6, ""learning_rate"": 0.06077933753233006, ""subsample"": 0.7239015604990822, ""colsample_bytree"": 0.7066152446998185, ""min_child_weight"": 1, ""reg_lambda"": 0.03917832303073568}",42,
2026-07-28T21:38:18+00:00,7_optimizacion,optuna_tpe,LightGBM,v06_seleccionado_arbol,{},"{""n_estimators"": 355, ""num_leaves"": 118, ""max_depth"": 11, ""learning_rate"": 0.10054871218671431, ""subsample"": 0.7061583976302458, ""colsample_bytree"": 0.9437884106748379, ""reg_lambda"": 3.2161320271888854, ""min_child_samples"": 6}",42,
2026-07-28T21:38:18+00:00,7_optimizacion,optuna_tpe,RandomForest,v06_seleccionado_arbol,{},"{""n_estimators"": 252, ""max_depth"": 26, ""max_features"": 0.7027868748116165, ""min_samples_split"": 3, ""min_samples_leaf"": 1}",42,
2026-07-28T21:52:53+00:00,7_optimizacion,cv_anidada,LightGBM,v06_seleccionado_arbol,"{""f1_anidada"": 0.9608}",{},42,
2026-07-28T21:59:44+00:00,8_evaluacion,test_reservado,LightGBM,test reservado,"{""exactitud"": 0.9732, ""exactitud_equilibrada"": 0.9705, ""precision"": 0.9615, ""sensibilidad"": 0.9618, ""especificidad"": 0.9793, ""f1"": 0.9616, ""mcc"": 0.941, ""roc_auc"": 0.9956, ""pr_auc"": 0.9924, ""brier"": 0.0207}","{""n_estimators"": 355, ""num_leaves"": 118, ""max_depth"": 11, ""learning_rate"": 0.10054871218671431, ""subsample"": 0.7061583976302458, ""colsample_bytree"": 0.9437884106748379, ""reg_lambda"": 3.2161320271888854, ""min_child_samples"": 6}",42,
2026-07-28T22:31:09+00:00,2_preprocesamiento,imputacion,LogisticRegression,train con NaN,"{""f1"": 0.88453, ""mcc"": 0.82212}","{""imputador"": ""media""}",42,
2026-07-28T22:31:09+00:00,2_preprocesamiento,imputacion,LogisticRegression,train con NaN,"{""f1"": 0.88378, ""mcc"": 0.82079}","{""imputador"": ""mediana""}",42,
2026-07-28T22:31:09+00:00,2_preprocesamiento,imputacion,LogisticRegression,train con NaN,"{""f1"": 0.88183, ""mcc"": 0.81757}","{""imputador"": ""moda""}",42,
2026-07-28T22:31:09+00:00,2_preprocesamiento,imputacion,LogisticRegression,train con NaN,"{""f1"": 0.90469, ""mcc"": 0.85273}","{""imputador"": ""constante_-1""}",42,
2026-07-28T22:31:09+00:00,2_preprocesamiento,imputacion,LogisticRegression,train con NaN,"{""f1"": 0.90569, ""mcc"": 0.85446}","{""imputador"": ""mediana+indicador""}",42,
2026-07-28T22:31:09+00:00,2_preprocesamiento,imputacion,LogisticRegression,train con NaN,"{""f1"": 0.90567, ""mcc"": 0.85443}","{""imputador"": ""media+indicador""}",42,
2026-07-28T22:31:09+00:00,2_preprocesamiento,imputacion,LogisticRegression,train con NaN,"{""f1"": 0.88827, ""mcc"": 0.82841}","{""imputador"": ""mediana_ref""}",42,
2026-07-28T22:31:09+00:00,2_preprocesamiento,imputacion,LogisticRegression,train con NaN,"{""f1"": 0.89486, ""mcc"": 0.8382}","{""imputador"": ""knn_k5""}",42,
2026-07-28T22:31:09+00:00,2_preprocesamiento,imputacion,LogisticRegression,train con NaN,"{""f1"": 0.88666, ""mcc"": 0.82618}","{""imputador"": ""mice""}",42,
2026-07-28T22:31:11+00:00,2_preprocesamiento,escalado,LogisticRegression,v04_imputado,"{""f1"": 0.87149, ""mcc"": 0.80101}","{""escalador"": ""sin_escalar""}",42,
2026-07-28T22:31:11+00:00,2_preprocesamiento,escalado,LogisticRegression,v04_imputado,"{""f1"": 0.9058, ""mcc"": 0.85462}","{""escalador"": ""StandardScaler""}",42,
2026-07-28T22:31:11+00:00,2_preprocesamiento,escalado,LogisticRegression,v04_imputado,"{""f1"": 0.8996, ""mcc"": 0.84443}","{""escalador"": ""MinMaxScaler""}",42,
2026-07-28T22:31:11+00:00,2_preprocesamiento,escalado,LogisticRegression,v04_imputado,"{""f1"": 0.90575, ""mcc"": 0.85455}","{""escalador"": ""RobustScaler""}",42,
2026-07-28T22:31:11+00:00,2_preprocesamiento,escalado,LogisticRegression,v04_imputado,"{""f1"": 0.89969, ""mcc"": 0.84455}","{""escalador"": ""MaxAbsScaler""}",42,
2026-07-28T22:31:11+00:00,2_preprocesamiento,escalado,LogisticRegression,v04_imputado,"{""f1"": 0.9035, ""mcc"": 0.85113}","{""escalador"": ""PowerTransformer(YJ)""}",42,
2026-07-28T22:31:12+00:00,3_seleccion,seleccion_variables,LogisticRegression,v05_escalado,"{""f1"": 0.90573, ""mcc"": 0.85453}","{""subconjunto"": ""full"", ""n"": 177}",42,
2026-07-28T22:31:12+00:00,3_seleccion,seleccion_variables,LogisticRegression,v05_escalado,"{""f1"": 0.89949, ""mcc"": 0.84483}","{""subconjunto"": ""variance"", ""n"": 109}",42,
2026-07-28T22:31:12+00:00,3_seleccion,seleccion_variables,LogisticRegression,v05_escalado,"{""f1"": 0.89964, ""mcc"": 0.84506}","{""subconjunto"": ""filter_corr"", ""n"": 54}",42,
2026-07-28T22:31:12+00:00,3_seleccion,seleccion_variables,LogisticRegression,v05_escalado,"{""f1"": 0.8997, ""mcc"": 0.84515}","{""subconjunto"": ""embedded_l1"", ""n"": 59}",42,
2026-07-28T22:31:12+00:00,3_seleccion,seleccion_variables,LogisticRegression,v05_escalado,"{""f1"": 0.86844, ""mcc"": 0.79626}","{""subconjunto"": ""embedded_tree"", ""n"": 55}",42,
2026-07-28T22:31:12+00:00,3_seleccion,seleccion_variables,LogisticRegression,v05_escalado,"{""f1"": 0.89949, ""mcc"": 0.84483}","{""subconjunto"": ""wrapper"", ""n"": 109}",42,
2026-07-28T22:31:13+00:00,4_reduccion,representacion,LogisticRegression,,"{""f1"": 0.90573, ""mcc"": 0.85453}","{""representacion"": ""completa (177)"", ""n"": 177}",42,
2026-07-28T22:31:13+00:00,4_reduccion,representacion,LogisticRegression,,"{""f1"": 0.89964, ""mcc"": 0.84506}","{""representacion"": ""selecci\u00f3n (54)"", ""n"": 54}",42,
2026-07-28T22:31:13+00:00,4_reduccion,representacion,LogisticRegression,,"{""f1"": 0.87917, ""mcc"": 0.81318}","{""representacion"": ""PCA (48)"", ""n"": 48}",42,
2026-07-28T22:31:13+00:00,4_reduccion,representacion,LogisticRegression,,"{""f1"": 0.89997, ""mcc"": 0.84472}","{""representacion"": ""LDA (1)"", ""n"": 1}",42,
2026-07-28T22:37:28+00:00,5_balanceo,balanceo,LogisticRegression,v06_seleccionado,"{""f1"": 0.89964, ""mcc"": 0.84506, ""recall"": 0.90715}","{""esquema"": ""sin_balanceo""}",42,
2026-07-28T22:37:28+00:00,5_balanceo,balanceo,LogisticRegression,v06_seleccionado,"{""f1"": 0.89372, ""mcc"": 0.83469, ""recall"": 0.94191}","{""esquema"": ""balanced""}",42,
2026-07-28T22:37:28+00:00,5_balanceo,balanceo,LogisticRegression,v06_seleccionado,"{""f1"": 0.89216, ""mcc"": 0.8323, ""recall"": 0.94433}","{""esquema"": ""peso_2:1""}",42,
2026-07-28T22:37:28+00:00,5_balanceo,balanceo,LogisticRegression,v06_seleccionado,"{""f1"": 0.88823, ""mcc"": 0.82684, ""recall"": 0.95933}","{""esquema"": ""peso_3:1""}",42,
2026-07-28T22:37:28+00:00,5_balanceo,balanceo,LogisticRegression,v06_seleccionado,"{""f1"": 0.89381, ""mcc"": 0.8348, ""recall"": 0.93974}","{""esquema"": ""SMOTE""}",42,
2026-07-28T22:37:28+00:00,5_balanceo,balanceo,LogisticRegression,v06_seleccionado,"{""f1"": 0.88255, ""mcc"": 0.81842, ""recall"": 0.96413}","{""esquema"": ""BorderlineSMOTE""}",42,
2026-07-28T22:37:28+00:00,5_balanceo,balanceo,LogisticRegression,v06_seleccionado,"{""f1"": 0.88406, ""mcc"": 0.82072, ""recall"": 0.96368}","{""esquema"": ""ADASYN""}",42,
2026-07-28T22:37:28+00:00,5_balanceo,balanceo,LogisticRegression,v06_seleccionado,"{""f1"": 0.89336, ""mcc"": 0.83412, ""recall"": 0.94146}","{""esquema"": ""RandomOver""}",42,
2026-07-28T22:37:28+00:00,5_balanceo,balanceo,LogisticRegression,v06_seleccionado,"{""f1"": 0.89337, ""mcc"": 0.83414, ""recall"": 0.94175}","{""esquema"": ""RandomUnder""}",42,
2026-07-28T22:37:28+00:00,5_balanceo,balanceo,LogisticRegression,v06_seleccionado,"{""f1"": 0.89999, ""mcc"": 0.84534, ""recall"": 0.91141}","{""esquema"": ""TomekLinks""}",42,
2026-07-28T22:37:28+00:00,5_balanceo,balanceo,LogisticRegression,v06_seleccionado,"{""f1"": 0.89866, ""mcc"": 0.84241, ""recall"": 0.93605}","{""esquema"": ""ENN""}",42,
2026-07-28T22:37:28+00:00,5_balanceo,balanceo,LogisticRegression,v06_seleccionado,"{""f1"": 0.88206, ""mcc"": 0.81619, ""recall"": 0.93076}","{""esquema"": ""NearMiss-1""}",42,
2026-07-28T22:37:28+00:00,5_balanceo,balanceo,LogisticRegression,v06_seleccionado,"{""f1"": 0.89415, ""mcc"": 0.83533, ""recall"": 0.94011}","{""esquema"": ""SMOTETomek""}",42,
2026-07-28T22:37:28+00:00,5_balanceo,balanceo,LogisticRegression,v06_seleccionado,"{""f1"": 0.89112, ""mcc"": 0.83077, ""recall"": 0.94749}","{""esquema"": ""SMOTEENN""}",42,
2026-07-28T22:37:31+00:00,7_optimizacion,optuna_tpe,XGBoost,v06_seleccionado_arbol,{},"{""n_estimators"": 596, ""max_depth"": 6, ""learning_rate"": 0.06077933753233006, ""subsample"": 0.7239015604990822, ""colsample_bytree"": 0.7066152446998185, ""min_child_weight"": 1, ""reg_lambda"": 0.03917832303073568}",42,
2026-07-28T22:37:31+00:00,7_optimizacion,optuna_tpe,LightGBM,v06_seleccionado_arbol,{},"{""n_estimators"": 355, ""num_leaves"": 118, ""max_depth"": 11, ""learning_rate"": 0.10054871218671431, ""subsample"": 0.7061583976302458, ""colsample_bytree"": 0.9437884106748379, ""reg_lambda"": 3.2161320271888854, ""min_child_samples"": 6}",42,
2026-07-28T22:37:31+00:00,7_optimizacion,optuna_tpe,RandomForest,v06_seleccionado_arbol,{},"{""n_estimators"": 252, ""max_depth"": 26, ""max_features"": 0.7027868748116165, ""min_samples_split"": 3, ""min_samples_leaf"": 1}",42,
2026-07-28T22:37:32+00:00,7_optimizacion,cv_anidada,LightGBM,v06_seleccionado_arbol,"{""f1_anidada"": 0.9608}",{},42,
2026-07-28T22:37:35+00:00,8_evaluacion,test_reservado,LightGBM,test reservado,"{""exactitud"": 0.9732, ""exactitud_equilibrada"": 0.9705, ""precision"": 0.9615, ""sensibilidad"": 0.9618, ""especificidad"": 0.9793, ""f1"": 0.9616, ""mcc"": 0.941, ""roc_auc"": 0.9956, ""pr_auc"": 0.9924, ""brier"": 0.0207}","{""n_estimators"": 355, ""num_leaves"": 118, ""max_depth"": 11, ""learning_rate"": 0.10054871218671431, ""subsample"": 0.7061583976302458, ""colsample_bytree"": 0.9437884106748379, ""reg_lambda"": 3.2161320271888854, ""min_child_samples"": 6}",42,
2026-07-28T22:39:24+00:00,2_preprocesamiento,imputacion,LogisticRegression,train con NaN,"{""f1"": 0.88453, ""mcc"": 0.82212}","{""imputador"": ""media""}",42,
2026-07-28T22:39:24+00:00,2_preprocesamiento,imputacion,LogisticRegression,train con NaN,"{""f1"": 0.88378, ""mcc"": 0.82079}","{""imputador"": ""mediana""}",42,
2026-07-28T22:39:24+00:00,2_preprocesamiento,imputacion,LogisticRegression,train con NaN,"{""f1"": 0.88183, ""mcc"": 0.81757}","{""imputador"": ""moda""}",42,
2026-07-28T22:39:24+00:00,2_preprocesamiento,imputacion,LogisticRegression,train con NaN,"{""f1"": 0.90469, ""mcc"": 0.85273}","{""imputador"": ""constante_-1""}",42,
2026-07-28T22:39:24+00:00,2_preprocesamiento,imputacion,LogisticRegression,train con NaN,"{""f1"": 0.90569, ""mcc"": 0.85446}","{""imputador"": ""mediana+indicador""}",42,
2026-07-28T22:39:24+00:00,2_preprocesamiento,imputacion,LogisticRegression,train con NaN,"{""f1"": 0.90567, ""mcc"": 0.85443}","{""imputador"": ""media+indicador""}",42,
2026-07-28T22:39:24+00:00,2_preprocesamiento,imputacion,LogisticRegression,train con NaN,"{""f1"": 0.88827, ""mcc"": 0.82841}","{""imputador"": ""mediana_ref""}",42,
2026-07-28T22:39:24+00:00,2_preprocesamiento,imputacion,LogisticRegression,train con NaN,"{""f1"": 0.89486, ""mcc"": 0.8382}","{""imputador"": ""knn_k5""}",42,
2026-07-28T22:39:24+00:00,2_preprocesamiento,imputacion,LogisticRegression,train con NaN,"{""f1"": 0.88666, ""mcc"": 0.82618}","{""imputador"": ""mice""}",42,
2026-07-28T22:39:25+00:00,2_preprocesamiento,escalado,LogisticRegression,v04_imputado,"{""f1"": 0.87149, ""mcc"": 0.80101}","{""escalador"": ""sin_escalar""}",42,
2026-07-28T22:39:25+00:00,2_preprocesamiento,escalado,LogisticRegression,v04_imputado,"{""f1"": 0.9058, ""mcc"": 0.85462}","{""escalador"": ""StandardScaler""}",42,
2026-07-28T22:39:25+00:00,2_preprocesamiento,escalado,LogisticRegression,v04_imputado,"{""f1"": 0.8996, ""mcc"": 0.84443}","{""escalador"": ""MinMaxScaler""}",42,
2026-07-28T22:39:25+00:00,2_preprocesamiento,escalado,LogisticRegression,v04_imputado,"{""f1"": 0.90575, ""mcc"": 0.85455}","{""escalador"": ""RobustScaler""}",42,
2026-07-28T22:39:25+00:00,2_preprocesamiento,escalado,LogisticRegression,v04_imputado,"{""f1"": 0.89969, ""mcc"": 0.84455}","{""escalador"": ""MaxAbsScaler""}",42,
2026-07-28T22:39:25+00:00,2_preprocesamiento,escalado,LogisticRegression,v04_imputado,"{""f1"": 0.9035, ""mcc"": 0.85113}","{""escalador"": ""PowerTransformer(YJ)""}",42,
2026-07-28T22:39:26+00:00,3_seleccion,seleccion_variables,LogisticRegression,v05_escalado,"{""f1"": 0.90573, ""mcc"": 0.85453}","{""subconjunto"": ""full"", ""n"": 177}",42,
2026-07-28T22:39:26+00:00,3_seleccion,seleccion_variables,LogisticRegression,v05_escalado,"{""f1"": 0.89949, ""mcc"": 0.84483}","{""subconjunto"": ""variance"", ""n"": 109}",42,
2026-07-28T22:39:26+00:00,3_seleccion,seleccion_variables,LogisticRegression,v05_escalado,"{""f1"": 0.89964, ""mcc"": 0.84506}","{""subconjunto"": ""filter_corr"", ""n"": 54}",42,
2026-07-28T22:39:26+00:00,3_seleccion,seleccion_variables,LogisticRegression,v05_escalado,"{""f1"": 0.8997, ""mcc"": 0.84515}","{""subconjunto"": ""embedded_l1"", ""n"": 59}",42,
2026-07-28T22:39:26+00:00,3_seleccion,seleccion_variables,LogisticRegression,v05_escalado,"{""f1"": 0.86844, ""mcc"": 0.79626}","{""subconjunto"": ""embedded_tree"", ""n"": 55}",42,
2026-07-28T22:39:26+00:00,3_seleccion,seleccion_variables,LogisticRegression,v05_escalado,"{""f1"": 0.89949, ""mcc"": 0.84483}","{""subconjunto"": ""wrapper"", ""n"": 109}",42,
2026-07-28T22:39:28+00:00,4_reduccion,representacion,LogisticRegression,,"{""f1"": 0.90573, ""mcc"": 0.85453}","{""representacion"": ""completa (177)"", ""n"": 177}",42,
2026-07-28T22:39:28+00:00,4_reduccion,representacion,LogisticRegression,,"{""f1"": 0.89964, ""mcc"": 0.84506}","{""representacion"": ""selecci\u00f3n (54)"", ""n"": 54}",42,
2026-07-28T22:39:28+00:00,4_reduccion,representacion,LogisticRegression,,"{""f1"": 0.87917, ""mcc"": 0.81318}","{""representacion"": ""PCA (48)"", ""n"": 48}",42,
2026-07-28T22:39:28+00:00,4_reduccion,representacion,LogisticRegression,,"{""f1"": 0.89997, ""mcc"": 0.84472}","{""representacion"": ""LDA (1)"", ""n"": 1}",42,
2026-07-28T22:45:18+00:00,5_balanceo,balanceo,LogisticRegression,v06_seleccionado,"{""f1"": 0.89964, ""mcc"": 0.84506, ""recall"": 0.90715}","{""esquema"": ""sin_balanceo""}",42,
2026-07-28T22:45:18+00:00,5_balanceo,balanceo,LogisticRegression,v06_seleccionado,"{""f1"": 0.89372, ""mcc"": 0.83469, ""recall"": 0.94191}","{""esquema"": ""balanced""}",42,
2026-07-28T22:45:18+00:00,5_balanceo,balanceo,LogisticRegression,v06_seleccionado,"{""f1"": 0.89216, ""mcc"": 0.8323, ""recall"": 0.94433}","{""esquema"": ""peso_2:1""}",42,
2026-07-28T22:45:18+00:00,5_balanceo,balanceo,LogisticRegression,v06_seleccionado,"{""f1"": 0.88823, ""mcc"": 0.82684, ""recall"": 0.95933}","{""esquema"": ""peso_3:1""}",42,
2026-07-28T22:45:18+00:00,5_balanceo,balanceo,LogisticRegression,v06_seleccionado,"{""f1"": 0.89381, ""mcc"": 0.8348, ""recall"": 0.93974}","{""esquema"": ""SMOTE""}",42,
2026-07-28T22:45:18+00:00,5_balanceo,balanceo,LogisticRegression,v06_seleccionado,"{""f1"": 0.88255, ""mcc"": 0.81842, ""recall"": 0.96413}","{""esquema"": ""BorderlineSMOTE""}",42,
2026-07-28T22:45:18+00:00,5_balanceo,balanceo,LogisticRegression,v06_seleccionado,"{""f1"": 0.88406, ""mcc"": 0.82072, ""recall"": 0.96368}","{""esquema"": ""ADASYN""}",42,
2026-07-28T22:45:18+00:00,5_balanceo,balanceo,LogisticRegression,v06_seleccionado,"{""f1"": 0.89336, ""mcc"": 0.83412, ""recall"": 0.94146}","{""esquema"": ""RandomOver""}",42,
2026-07-28T22:45:18+00:00,5_balanceo,balanceo,LogisticRegression,v06_seleccionado,"{""f1"": 0.89337, ""mcc"": 0.83414, ""recall"": 0.94175}","{""esquema"": ""RandomUnder""}",42,
2026-07-28T22:45:18+00:00,5_balanceo,balanceo,LogisticRegression,v06_seleccionado,"{""f1"": 0.89999, ""mcc"": 0.84534, ""recall"": 0.91141}","{""esquema"": ""TomekLinks""}",42,
2026-07-28T22:45:18+00:00,5_balanceo,balanceo,LogisticRegression,v06_seleccionado,"{""f1"": 0.89866, ""mcc"": 0.84241, ""recall"": 0.93605}","{""esquema"": ""ENN""}",42,
2026-07-28T22:45:18+00:00,5_balanceo,balanceo,LogisticRegression,v06_seleccionado,"{""f1"": 0.88206, ""mcc"": 0.81619, ""recall"": 0.93076}","{""esquema"": ""NearMiss-1""}",42,
2026-07-28T22:45:18+00:00,5_balanceo,balanceo,LogisticRegression,v06_seleccionado,"{""f1"": 0.89453, ""mcc"": 0.83592, ""recall"": 0.9392}","{""esquema"": ""SMOTETomek""}",42,
2026-07-28T22:45:18+00:00,5_balanceo,balanceo,LogisticRegression,v06_seleccionado,"{""f1"": 0.89728, ""mcc"": 0.84032, ""recall"": 0.92756}","{""esquema"": ""SMOTEENN""}",42,
2026-07-28T22:45:21+00:00,7_optimizacion,optuna_tpe,XGBoost,v06_seleccionado_arbol,{},"{""n_estimators"": 596, ""max_depth"": 6, ""learning_rate"": 0.06077933753233006, ""subsample"": 0.7239015604990822, ""colsample_bytree"": 0.7066152446998185, ""min_child_weight"": 1, ""reg_lambda"": 0.03917832303073568}",42,
2026-07-28T22:45:21+00:00,7_optimizacion,optuna_tpe,LightGBM,v06_seleccionado_arbol,{},"{""n_estimators"": 355, ""num_leaves"": 118, ""max_depth"": 11, ""learning_rate"": 0.10054871218671431, ""subsample"": 0.7061583976302458, ""colsample_bytree"": 0.9437884106748379, ""reg_lambda"": 3.2161320271888854, ""min_child_samples"": 6}",42,
2026-07-28T22:45:21+00:00,7_optimizacion,optuna_tpe,RandomForest,v06_seleccionado_arbol,{},"{""n_estimators"": 252, ""max_depth"": 26, ""max_features"": 0.7027868748116165, ""min_samples_split"": 3, ""min_samples_leaf"": 1}",42,
2026-07-28T22:45:22+00:00,7_optimizacion,cv_anidada,LightGBM,v06_seleccionado_arbol,"{""f1_anidada"": 0.9608}",{},42,
2026-07-28T22:45:25+00:00,8_evaluacion,test_reservado,LightGBM,test reservado,"{""exactitud"": 0.9732, ""exactitud_equilibrada"": 0.9705, ""precision"": 0.9615, ""sensibilidad"": 0.9618, ""especificidad"": 0.9793, ""f1"": 0.9616, ""mcc"": 0.941, ""roc_auc"": 0.9956, ""pr_auc"": 0.9924, ""brier"": 0.0207}","{""n_estimators"": 355, ""num_leaves"": 118, ""max_depth"": 11, ""learning_rate"": 0.10054871218671431, ""subsample"": 0.7061583976302458, ""colsample_bytree"": 0.9437884106748379, ""reg_lambda"": 3.2161320271888854, ""min_child_samples"": 6}",42,
2026-07-28T22:56:33+00:00,2_preprocesamiento,imputacion,LogisticRegression,train con NaN,"{""f1"": 0.88453, ""mcc"": 0.82212}","{""imputador"": ""media""}",42,
2026-07-28T22:56:33+00:00,2_preprocesamiento,imputacion,LogisticRegression,train con NaN,"{""f1"": 0.88378, ""mcc"": 0.82079}","{""imputador"": ""mediana""}",42,
2026-07-28T22:56:33+00:00,2_preprocesamiento,imputacion,LogisticRegression,train con NaN,"{""f1"": 0.88183, ""mcc"": 0.81757}","{""imputador"": ""moda""}",42,
2026-07-28T22:56:33+00:00,2_preprocesamiento,imputacion,LogisticRegression,train con NaN,"{""f1"": 0.90469, ""mcc"": 0.85273}","{""imputador"": ""constante_-1""}",42,
2026-07-28T22:56:33+00:00,2_preprocesamiento,imputacion,LogisticRegression,train con NaN,"{""f1"": 0.90569, ""mcc"": 0.85446}","{""imputador"": ""mediana+indicador""}",42,
2026-07-28T22:56:33+00:00,2_preprocesamiento,imputacion,LogisticRegression,train con NaN,"{""f1"": 0.90567, ""mcc"": 0.85443}","{""imputador"": ""media+indicador""}",42,
2026-07-28T22:56:33+00:00,2_preprocesamiento,imputacion,LogisticRegression,train con NaN,"{""f1"": 0.88827, ""mcc"": 0.82841}","{""imputador"": ""mediana_ref""}",42,
2026-07-28T22:56:33+00:00,2_preprocesamiento,imputacion,LogisticRegression,train con NaN,"{""f1"": 0.89486, ""mcc"": 0.8382}","{""imputador"": ""knn_k5""}",42,
2026-07-28T22:56:33+00:00,2_preprocesamiento,imputacion,LogisticRegression,train con NaN,"{""f1"": 0.88666, ""mcc"": 0.82618}","{""imputador"": ""mice""}",42,
2026-07-28T22:56:35+00:00,2_preprocesamiento,escalado,LogisticRegression,v04_imputado,"{""f1"": 0.87149, ""mcc"": 0.80101}","{""escalador"": ""sin_escalar""}",42,
2026-07-28T22:56:35+00:00,2_preprocesamiento,escalado,LogisticRegression,v04_imputado,"{""f1"": 0.9058, ""mcc"": 0.85462}","{""escalador"": ""StandardScaler""}",42,
2026-07-28T22:56:35+00:00,2_preprocesamiento,escalado,LogisticRegression,v04_imputado,"{""f1"": 0.8996, ""mcc"": 0.84443}","{""escalador"": ""MinMaxScaler""}",42,
2026-07-28T22:56:35+00:00,2_preprocesamiento,escalado,LogisticRegression,v04_imputado,"{""f1"": 0.90575, ""mcc"": 0.85455}","{""escalador"": ""RobustScaler""}",42,
2026-07-28T22:56:35+00:00,2_preprocesamiento,escalado,LogisticRegression,v04_imputado,"{""f1"": 0.89969, ""mcc"": 0.84455}","{""escalador"": ""MaxAbsScaler""}",42,
2026-07-28T22:56:35+00:00,2_preprocesamiento,escalado,LogisticRegression,v04_imputado,"{""f1"": 0.9035, ""mcc"": 0.85113}","{""escalador"": ""PowerTransformer(YJ)""}",42,
2026-07-28T22:56:36+00:00,3_seleccion,seleccion_variables,LogisticRegression,v05_escalado,"{""f1"": 0.90573, ""mcc"": 0.85453}","{""subconjunto"": ""full"", ""n"": 177}",42,
2026-07-28T22:56:36+00:00,3_seleccion,seleccion_variables,LogisticRegression,v05_escalado,"{""f1"": 0.89949, ""mcc"": 0.84483}","{""subconjunto"": ""variance"", ""n"": 109}",42,
2026-07-28T22:56:36+00:00,3_seleccion,seleccion_variables,LogisticRegression,v05_escalado,"{""f1"": 0.89964, ""mcc"": 0.84506}","{""subconjunto"": ""filter_corr"", ""n"": 54}",42,
2026-07-28T22:56:36+00:00,3_seleccion,seleccion_variables,LogisticRegression,v05_escalado,"{""f1"": 0.8997, ""mcc"": 0.84515}","{""subconjunto"": ""embedded_l1"", ""n"": 59}",42,
2026-07-28T22:56:36+00:00,3_seleccion,seleccion_variables,LogisticRegression,v05_escalado,"{""f1"": 0.86844, ""mcc"": 0.79626}","{""subconjunto"": ""embedded_tree"", ""n"": 55}",42,
2026-07-28T22:56:36+00:00,3_seleccion,seleccion_variables,LogisticRegression,v05_escalado,"{""f1"": 0.89949, ""mcc"": 0.84483}","{""subconjunto"": ""wrapper"", ""n"": 109}",42,
2026-07-28T22:56:38+00:00,4_reduccion,representacion,LogisticRegression,,"{""f1"": 0.90573, ""mcc"": 0.85453}","{""representacion"": ""completa (177)"", ""n"": 177}",42,
2026-07-28T22:56:38+00:00,4_reduccion,representacion,LogisticRegression,,"{""f1"": 0.89964, ""mcc"": 0.84506}","{""representacion"": ""selecci\u00f3n (54)"", ""n"": 54}",42,
2026-07-28T22:56:38+00:00,4_reduccion,representacion,LogisticRegression,,"{""f1"": 0.87917, ""mcc"": 0.81318}","{""representacion"": ""PCA (48)"", ""n"": 48}",42,
2026-07-28T22:56:38+00:00,4_reduccion,representacion,LogisticRegression,,"{""f1"": 0.89997, ""mcc"": 0.84472}","{""representacion"": ""LDA (1)"", ""n"": 1}",42,
2026-07-28T22:56:40+00:00,5_balanceo,balanceo,LogisticRegression,v06_seleccionado,"{""f1"": 0.89964, ""mcc"": 0.84506, ""recall"": 0.90715}","{""esquema"": ""sin_balanceo""}",42,
2026-07-28T22:56:40+00:00,5_balanceo,balanceo,LogisticRegression,v06_seleccionado,"{""f1"": 0.89372, ""mcc"": 0.83469, ""recall"": 0.94191}","{""esquema"": ""balanced""}",42,
2026-07-28T22:56:40+00:00,5_balanceo,balanceo,LogisticRegression,v06_seleccionado,"{""f1"": 0.89216, ""mcc"": 0.8323, ""recall"": 0.94433}","{""esquema"": ""peso_2:1""}",42,
2026-07-28T22:56:40+00:00,5_balanceo,balanceo,LogisticRegression,v06_seleccionado,"{""f1"": 0.88823, ""mcc"": 0.82684, ""recall"": 0.95933}","{""esquema"": ""peso_3:1""}",42,
2026-07-28T22:56:40+00:00,5_balanceo,balanceo,LogisticRegression,v06_seleccionado,"{""f1"": 0.89381, ""mcc"": 0.8348, ""recall"": 0.93974}","{""esquema"": ""SMOTE""}",42,
2026-07-28T22:56:40+00:00,5_balanceo,balanceo,LogisticRegression,v06_seleccionado,"{""f1"": 0.88255, ""mcc"": 0.81842, ""recall"": 0.96413}","{""esquema"": ""BorderlineSMOTE""}",42,
2026-07-28T22:56:40+00:00,5_balanceo,balanceo,LogisticRegression,v06_seleccionado,"{""f1"": 0.88406, ""mcc"": 0.82072, ""recall"": 0.96368}","{""esquema"": ""ADASYN""}",42,
2026-07-28T22:56:40+00:00,5_balanceo,balanceo,LogisticRegression,v06_seleccionado,"{""f1"": 0.89336, ""mcc"": 0.83412, ""recall"": 0.94146}","{""esquema"": ""RandomOver""}",42,
2026-07-28T22:56:40+00:00,5_balanceo,balanceo,LogisticRegression,v06_seleccionado,"{""f1"": 0.89337, ""mcc"": 0.83414, ""recall"": 0.94175}","{""esquema"": ""RandomUnder""}",42,
2026-07-28T22:56:40+00:00,5_balanceo,balanceo,LogisticRegression,v06_seleccionado,"{""f1"": 0.89999, ""mcc"": 0.84534, ""recall"": 0.91141}","{""esquema"": ""TomekLinks""}",42,
2026-07-28T22:56:40+00:00,5_balanceo,balanceo,LogisticRegression,v06_seleccionado,"{""f1"": 0.89866, ""mcc"": 0.84241, ""recall"": 0.93605}","{""esquema"": ""ENN""}",42,
2026-07-28T22:56:40+00:00,5_balanceo,balanceo,LogisticRegression,v06_seleccionado,"{""f1"": 0.88206, ""mcc"": 0.81619, ""recall"": 0.93076}","{""esquema"": ""NearMiss-1""}",42,
2026-07-28T22:56:40+00:00,5_balanceo,balanceo,LogisticRegression,v06_seleccionado,"{""f1"": 0.89453, ""mcc"": 0.83592, ""recall"": 0.9392}","{""esquema"": ""SMOTETomek""}",42,
2026-07-28T22:56:40+00:00,5_balanceo,balanceo,LogisticRegression,v06_seleccionado,"{""f1"": 0.89728, ""mcc"": 0.84032, ""recall"": 0.92756}","{""esquema"": ""SMOTEENN""}",42,
2026-07-28T22:56:46+00:00,6_modelos,escalados,Dummy(mayoritaria),v06_seleccionado,"{""accuracy_mean"": 0.65031, ""balanced_accuracy_mean"": 0.5, ""precision_mean"": 0.0, ""recall_mean"": 0.0, ""f1_mean"": 0.0, ""mcc_mean"": 0.0, ""roc_auc_mean"": 0.5, ""average_precision_mean"": 0.34969}",{},42,
2026-07-28T22:56:48+00:00,6_modelos,escalados,Dummy(estratificada),v06_seleccionado,"{""accuracy_mean"": 0.54429, ""balanced_accuracy_mean"": 0.49664, ""precision_mean"": 0.34522, ""recall_mean"": 0.33813, ""f1_mean"": 0.34164, ""mcc_mean"": -0.00676, ""roc_auc_mean"": 0.49664, ""average_precision_mean"": 0.34818}",{},42,
2026-07-28T22:56:52+00:00,6_modelos,escalados,LogisticRegression,v06_seleccionado,"{""accuracy_mean"": 0.92923, ""balanced_accuracy_mean"": 0.92412, ""precision_mean"": 0.89227, ""recall_mean"": 0.90715, ""f1_mean"": 0.89964, ""mcc_mean"": 0.84506, ""roc_auc_mean"": 0.97915, ""average_precision_mean"": 0.96169}",{},42,
2026-07-28T22:56:54+00:00,6_modelos,escalados,SGD(log_loss),v06_seleccionado,"{""accuracy_mean"": 0.92768, ""balanced_accuracy_mean"": 0.92152, ""precision_mean"": 0.89317, ""recall_mean"": 0.90104, ""f1_mean"": 0.89704, ""mcc_mean"": 0.84138, ""roc_auc_mean"": 0.97803, ""average_precision_mean"": 0.95952}",{},42,
2026-07-28T22:56:57+00:00,6_modelos,escalados,LDA,v06_seleccionado,"{""accuracy_mean"": 0.9108, ""balanced_accuracy_mean"": 0.91926, ""precision_mean"": 0.82393, ""recall_mean"": 0.9474, ""f1_mean"": 0.88136, ""mcc_mean"": 0.81554, ""roc_auc_mean"": 0.97627, ""average_precision_mean"": 0.9565}",{},42,
2026-07-28T22:57:05+00:00,6_modelos,escalados,LinearSVC,v06_seleccionado,"{""accuracy_mean"": 0.92915, ""balanced_accuracy_mean"": 0.9255, ""precision_mean"": 0.88738, ""recall_mean"": 0.91334, ""f1_mean"": 0.90017, ""mcc_mean"": 0.8455, ""roc_auc_mean"": 0.97911, ""average_precision_mean"": 0.96156}",{},42,
2026-07-28T22:57:28+00:00,6_modelos,escalados,SVM-RBF(Nystroem),v06_seleccionado,"{""accuracy_mean"": 0.94154, ""balanced_accuracy_mean"": 0.93763, ""precision_mean"": 0.9098, ""recall_mean"": 0.92461, ""f1_mean"": 0.91712, ""mcc_mean"": 0.87207, ""roc_auc_mean"": 0.98626, ""average_precision_mean"": 0.97487}",{},42,
2026-07-28T22:57:52+00:00,6_modelos,escalados,kNN(k=5),v06_seleccionado,"{""accuracy_mean"": 0.95083, ""balanced_accuracy_mean"": 0.94385, ""precision_mean"": 0.93764, ""recall_mean"": 0.92063, ""f1_mean"": 0.92905, ""mcc_mean"": 0.89153, ""roc_auc_mean"": 0.98048, ""average_precision_mean"": 0.96079}",{},42,
2026-07-28T22:58:19+00:00,6_modelos,escalados,kNN(k=15),v06_seleccionado,"{""accuracy_mean"": 0.94499, ""balanced_accuracy_mean"": 0.93655, ""precision_mean"": 0.93253, ""recall_mean"": 0.90846, ""f1_mean"": 0.92033, ""mcc_mean"": 0.87852, ""roc_auc_mean"": 0.98539, ""average_precision_mean"": 0.97218}",{},42,
2026-07-28T22:58:20+00:00,6_modelos,escalados,GaussianNB,v06_seleccionado,"{""accuracy_mean"": 0.77455, ""balanced_accuracy_mean"": 0.6898, ""precision_mean"": 0.8859, ""recall_mean"": 0.4079, ""f1_mean"": 0.55844, ""mcc_mean"": 0.4925, ""roc_auc_mean"": 0.94715, ""average_precision_mean"": 0.86468}",{},42,
2026-07-28T22:58:58+00:00,6_modelos,escalados,MLP(100),v06_seleccionado,"{""accuracy_mean"": 0.96056, ""balanced_accuracy_mean"": 0.9556, ""precision_mean"": 0.94778, ""recall_mean"": 0.93908, ""f1_mean"": 0.94337, ""mcc_mean"": 0.91319, ""roc_auc_mean"": 0.99187, ""average_precision_mean"": 0.98551}",{},42,
2026-07-28T22:59:21+00:00,6_modelos,escalados,"MLP(64,32)",v06_seleccionado,"{""accuracy_mean"": 0.96185, ""balanced_accuracy_mean"": 0.95727, ""precision_mean"": 0.94855, ""recall_mean"": 0.94203, ""f1_mean"": 0.94527, ""mcc_mean"": 0.91602, ""roc_auc_mean"": 0.99212, ""average_precision_mean"": 0.98626}",{},42,
2026-07-28T22:59:23+00:00,6_modelos,arboles,DecisionTree,v06_seleccionado_arbol,"{""accuracy_mean"": 0.95208, ""balanced_accuracy_mean"": 0.9473, ""precision_mean"": 0.93153, ""recall_mean"": 0.93141, ""f1_mean"": 0.93147, ""mcc_mean"": 0.89463, ""roc_auc_mean"": 0.9473, ""average_precision_mean"": 0.89163}",{},42,
2026-07-28T23:00:27+00:00,6_modelos,arboles,RandomForest,v06_seleccionado_arbol,"{""accuracy_mean"": 0.96965, ""balanced_accuracy_mean"": 0.96766, ""precision_mean"": 0.95263, ""recall_mean"": 0.96101, ""f1_mean"": 0.9568, ""mcc_mean"": 0.93344, ""roc_auc_mean"": 0.9951, ""average_precision_mean"": 0.9915}",{},42,
2026-07-28T23:01:43+00:00,6_modelos,arboles,ExtraTrees,v06_seleccionado_arbol,"{""accuracy_mean"": 0.96904, ""balanced_accuracy_mean"": 0.96657, ""precision_mean"": 0.95331, ""recall_mean"": 0.95839, ""f1_mean"": 0.95584, ""mcc_mean"": 0.93201, ""roc_auc_mean"": 0.99483, ""average_precision_mean"": 0.99139}",{},42,
2026-07-28T23:01:51+00:00,6_modelos,arboles,HistGradientBoosting,v06_seleccionado_arbol,"{""accuracy_mean"": 0.96587, ""balanced_accuracy_mean"": 0.96292, ""precision_mean"": 0.94949, ""recall_mean"": 0.9531, ""f1_mean"": 0.95129, ""mcc_mean"": 0.92503, ""roc_auc_mean"": 0.99419, ""average_precision_mean"": 0.98978}",{},42,
2026-07-28T23:01:59+00:00,6_modelos,arboles,XGBoost,v06_seleccionado_arbol,"{""accuracy_mean"": 0.97209, ""balanced_accuracy_mean"": 0.96917, ""precision_mean"": 0.96069, ""recall_mean"": 0.95946, ""f1_mean"": 0.96007, ""mcc_mean"": 0.93862, ""roc_auc_mean"": 0.99539, ""average_precision_mean"": 0.99199}",{},42,
2026-07-28T23:02:11+00:00,6_modelos,arboles,LightGBM,v06_seleccionado_arbol,"{""accuracy_mean"": 0.97055, ""balanced_accuracy_mean"": 0.96762, ""precision_mean"": 0.95794, ""recall_mean"": 0.95786, ""f1_mean"": 0.9579, ""mcc_mean"": 0.93526, ""roc_auc_mean"": 0.99544, ""average_precision_mean"": 0.99206}",{},42,
2026-07-28T23:02:53+00:00,6_modelos,arboles,CatBoost,v06_seleccionado_arbol,"{""accuracy_mean"": 0.96872, ""balanced_accuracy_mean"": 0.96575, ""precision_mean"": 0.95473, ""recall_mean"": 0.95589, ""f1_mean"": 0.95531, ""mcc_mean"": 0.93125, ""roc_auc_mean"": 0.99498, ""average_precision_mean"": 0.99111}",{},42,
2026-07-28T23:05:52+00:00,2_preprocesamiento,imputacion,LogisticRegression,train con NaN,"{""f1"": 0.88453, ""mcc"": 0.82212}","{""imputador"": ""media""}",42,
2026-07-28T23:05:52+00:00,2_preprocesamiento,imputacion,LogisticRegression,train con NaN,"{""f1"": 0.88378, ""mcc"": 0.82079}","{""imputador"": ""mediana""}",42,
2026-07-28T23:05:52+00:00,2_preprocesamiento,imputacion,LogisticRegression,train con NaN,"{""f1"": 0.88183, ""mcc"": 0.81757}","{""imputador"": ""moda""}",42,
2026-07-28T23:05:52+00:00,2_preprocesamiento,imputacion,LogisticRegression,train con NaN,"{""f1"": 0.90469, ""mcc"": 0.85273}","{""imputador"": ""constante_-1""}",42,
2026-07-28T23:05:52+00:00,2_preprocesamiento,imputacion,LogisticRegression,train con NaN,"{""f1"": 0.90569, ""mcc"": 0.85446}","{""imputador"": ""mediana+indicador""}",42,
2026-07-28T23:05:52+00:00,2_preprocesamiento,imputacion,LogisticRegression,train con NaN,"{""f1"": 0.90567, ""mcc"": 0.85443}","{""imputador"": ""media+indicador""}",42,
2026-07-28T23:05:52+00:00,2_preprocesamiento,imputacion,LogisticRegression,train con NaN,"{""f1"": 0.88827, ""mcc"": 0.82841}","{""imputador"": ""mediana_ref""}",42,
2026-07-28T23:05:52+00:00,2_preprocesamiento,imputacion,LogisticRegression,train con NaN,"{""f1"": 0.89486, ""mcc"": 0.8382}","{""imputador"": ""knn_k5""}",42,
2026-07-28T23:05:52+00:00,2_preprocesamiento,imputacion,LogisticRegression,train con NaN,"{""f1"": 0.88666, ""mcc"": 0.82618}","{""imputador"": ""mice""}",42,
2026-07-28T23:05:53+00:00,2_preprocesamiento,escalado,LogisticRegression,v04_imputado,"{""f1"": 0.87149, ""mcc"": 0.80101}","{""escalador"": ""sin_escalar""}",42,
2026-07-28T23:05:53+00:00,2_preprocesamiento,escalado,LogisticRegression,v04_imputado,"{""f1"": 0.9058, ""mcc"": 0.85462}","{""escalador"": ""StandardScaler""}",42,
2026-07-28T23:05:53+00:00,2_preprocesamiento,escalado,LogisticRegression,v04_imputado,"{""f1"": 0.8996, ""mcc"": 0.84443}","{""escalador"": ""MinMaxScaler""}",42,
2026-07-28T23:05:53+00:00,2_preprocesamiento,escalado,LogisticRegression,v04_imputado,"{""f1"": 0.90575, ""mcc"": 0.85455}","{""escalador"": ""RobustScaler""}",42,
2026-07-28T23:05:53+00:00,2_preprocesamiento,escalado,LogisticRegression,v04_imputado,"{""f1"": 0.89969, ""mcc"": 0.84455}","{""escalador"": ""MaxAbsScaler""}",42,
2026-07-28T23:05:53+00:00,2_preprocesamiento,escalado,LogisticRegression,v04_imputado,"{""f1"": 0.9035, ""mcc"": 0.85113}","{""escalador"": ""PowerTransformer(YJ)""}",42,
2026-07-28T23:05:54+00:00,3_seleccion,seleccion_variables,LogisticRegression,v05_escalado,"{""f1"": 0.90573, ""mcc"": 0.85453}","{""subconjunto"": ""full"", ""n"": 177}",42,
2026-07-28T23:05:54+00:00,3_seleccion,seleccion_variables,LogisticRegression,v05_escalado,"{""f1"": 0.89949, ""mcc"": 0.84483}","{""subconjunto"": ""variance"", ""n"": 109}",42,
2026-07-28T23:05:54+00:00,3_seleccion,seleccion_variables,LogisticRegression,v05_escalado,"{""f1"": 0.89964, ""mcc"": 0.84506}","{""subconjunto"": ""filter_corr"", ""n"": 54}",42,
2026-07-28T23:05:54+00:00,3_seleccion,seleccion_variables,LogisticRegression,v05_escalado,"{""f1"": 0.8997, ""mcc"": 0.84515}","{""subconjunto"": ""embedded_l1"", ""n"": 59}",42,
2026-07-28T23:05:54+00:00,3_seleccion,seleccion_variables,LogisticRegression,v05_escalado,"{""f1"": 0.86844, ""mcc"": 0.79626}","{""subconjunto"": ""embedded_tree"", ""n"": 55}",42,
2026-07-28T23:05:54+00:00,3_seleccion,seleccion_variables,LogisticRegression,v05_escalado,"{""f1"": 0.89949, ""mcc"": 0.84483}","{""subconjunto"": ""wrapper"", ""n"": 109}",42,
2026-07-28T23:05:55+00:00,4_reduccion,representacion,LogisticRegression,,"{""f1"": 0.90573, ""mcc"": 0.85453}","{""representacion"": ""completa (177)"", ""n"": 177}",42,
2026-07-28T23:05:55+00:00,4_reduccion,representacion,LogisticRegression,,"{""f1"": 0.89964, ""mcc"": 0.84506}","{""representacion"": ""selecci\u00f3n (54)"", ""n"": 54}",42,
2026-07-28T23:05:55+00:00,4_reduccion,representacion,LogisticRegression,,"{""f1"": 0.87917, ""mcc"": 0.81318}","{""representacion"": ""PCA (48)"", ""n"": 48}",42,
2026-07-28T23:05:55+00:00,4_reduccion,representacion,LogisticRegression,,"{""f1"": 0.89997, ""mcc"": 0.84472}","{""representacion"": ""LDA (1)"", ""n"": 1}",42,
2026-07-28T23:05:58+00:00,5_balanceo,balanceo,LogisticRegression,v06_seleccionado,"{""f1"": 0.89964, ""mcc"": 0.84506, ""recall"": 0.90715}","{""esquema"": ""sin_balanceo""}",42,
2026-07-28T23:05:58+00:00,5_balanceo,balanceo,LogisticRegression,v06_seleccionado,"{""f1"": 0.89372, ""mcc"": 0.83469, ""recall"": 0.94191}","{""esquema"": ""balanced""}",42,
2026-07-28T23:05:58+00:00,5_balanceo,balanceo,LogisticRegression,v06_seleccionado,"{""f1"": 0.89216, ""mcc"": 0.8323, ""recall"": 0.94433}","{""esquema"": ""peso_2:1""}",42,
2026-07-28T23:05:58+00:00,5_balanceo,balanceo,LogisticRegression,v06_seleccionado,"{""f1"": 0.88823, ""mcc"": 0.82684, ""recall"": 0.95933}","{""esquema"": ""peso_3:1""}",42,
2026-07-28T23:05:58+00:00,5_balanceo,balanceo,LogisticRegression,v06_seleccionado,"{""f1"": 0.89381, ""mcc"": 0.8348, ""recall"": 0.93974}","{""esquema"": ""SMOTE""}",42,
2026-07-28T23:05:58+00:00,5_balanceo,balanceo,LogisticRegression,v06_seleccionado,"{""f1"": 0.88255, ""mcc"": 0.81842, ""recall"": 0.96413}","{""esquema"": ""BorderlineSMOTE""}",42,
2026-07-28T23:05:58+00:00,5_balanceo,balanceo,LogisticRegression,v06_seleccionado,"{""f1"": 0.88406, ""mcc"": 0.82072, ""recall"": 0.96368}","{""esquema"": ""ADASYN""}",42,
2026-07-28T23:05:58+00:00,5_balanceo,balanceo,LogisticRegression,v06_seleccionado,"{""f1"": 0.89336, ""mcc"": 0.83412, ""recall"": 0.94146}","{""esquema"": ""RandomOver""}",42,
2026-07-28T23:05:58+00:00,5_balanceo,balanceo,LogisticRegression,v06_seleccionado,"{""f1"": 0.89337, ""mcc"": 0.83414, ""recall"": 0.94175}","{""esquema"": ""RandomUnder""}",42,
2026-07-28T23:05:58+00:00,5_balanceo,balanceo,LogisticRegression,v06_seleccionado,"{""f1"": 0.89999, ""mcc"": 0.84534, ""recall"": 0.91141}","{""esquema"": ""TomekLinks""}",42,
2026-07-28T23:05:58+00:00,5_balanceo,balanceo,LogisticRegression,v06_seleccionado,"{""f1"": 0.89866, ""mcc"": 0.84241, ""recall"": 0.93605}","{""esquema"": ""ENN""}",42,
2026-07-28T23:05:58+00:00,5_balanceo,balanceo,LogisticRegression,v06_seleccionado,"{""f1"": 0.88206, ""mcc"": 0.81619, ""recall"": 0.93076}","{""esquema"": ""NearMiss-1""}",42,
2026-07-28T23:05:58+00:00,5_balanceo,balanceo,LogisticRegression,v06_seleccionado,"{""f1"": 0.89453, ""mcc"": 0.83592, ""recall"": 0.9392}","{""esquema"": ""SMOTETomek""}",42,
2026-07-28T23:05:58+00:00,5_balanceo,balanceo,LogisticRegression,v06_seleccionado,"{""f1"": 0.89728, ""mcc"": 0.84032, ""recall"": 0.92756}","{""esquema"": ""SMOTEENN""}",42,
2026-07-28T23:09:52+00:00,2_preprocesamiento,imputacion,LogisticRegression,train con NaN,"{""f1"": 0.8892, ""mcc"": 0.82991}","{""imputador"": ""media""}",42,
2026-07-28T23:09:52+00:00,2_preprocesamiento,imputacion,LogisticRegression,train con NaN,"{""f1"": 0.88797, ""mcc"": 0.82765}","{""imputador"": ""mediana""}",42,
2026-07-28T23:09:52+00:00,2_preprocesamiento,imputacion,LogisticRegression,train con NaN,"{""f1"": 0.88827, ""mcc"": 0.82859}","{""imputador"": ""moda""}",42,
2026-07-28T23:09:52+00:00,2_preprocesamiento,imputacion,LogisticRegression,train con NaN,"{""f1"": 0.90279, ""mcc"": 0.85026}","{""imputador"": ""constante_-1""}",42,
2026-07-28T23:09:52+00:00,2_preprocesamiento,imputacion,LogisticRegression,train con NaN,"{""f1"": 0.90069, ""mcc"": 0.84705}","{""imputador"": ""mediana+indicador""}",42,
2026-07-28T23:09:52+00:00,2_preprocesamiento,imputacion,LogisticRegression,train con NaN,"{""f1"": 0.90043, ""mcc"": 0.84666}","{""imputador"": ""media+indicador""}",42,
2026-07-28T23:09:52+00:00,2_preprocesamiento,imputacion,LogisticRegression,train con NaN,"{""f1"": 0.8772, ""mcc"": 0.81083}","{""imputador"": ""mediana_ref""}",42,
2026-07-28T23:09:52+00:00,2_preprocesamiento,imputacion,LogisticRegression,train con NaN,"{""f1"": 0.88719, ""mcc"": 0.82735}","{""imputador"": ""knn_k5""}",42,
2026-07-28T23:09:52+00:00,2_preprocesamiento,imputacion,LogisticRegression,train con NaN,"{""f1"": 0.86335, ""mcc"": 0.79356}","{""imputador"": ""mice""}",42,
2026-07-28T23:10:02+00:00,2_preprocesamiento,escalado,LogisticRegression,v04_imputado,"{""f1"": 0.88599, ""mcc"": 0.82284}","{""escalador"": ""sin_escalar""}",42,
2026-07-28T23:10:02+00:00,2_preprocesamiento,escalado,LogisticRegression,v04_imputado,"{""f1"": 0.90155, ""mcc"": 0.84829}","{""escalador"": ""StandardScaler""}",42,
2026-07-28T23:10:02+00:00,2_preprocesamiento,escalado,LogisticRegression,v04_imputado,"{""f1"": 0.89268, ""mcc"": 0.83304}","{""escalador"": ""MinMaxScaler""}",42,
2026-07-28T23:10:02+00:00,2_preprocesamiento,escalado,LogisticRegression,v04_imputado,"{""f1"": 0.90298, ""mcc"": 0.85043}","{""escalador"": ""RobustScaler""}",42,
2026-07-28T23:10:02+00:00,2_preprocesamiento,escalado,LogisticRegression,v04_imputado,"{""f1"": 0.89205, ""mcc"": 0.83207}","{""escalador"": ""MaxAbsScaler""}",42,
2026-07-28T23:10:02+00:00,2_preprocesamiento,escalado,LogisticRegression,v04_imputado,"{""f1"": 0.90174, ""mcc"": 0.84851}","{""escalador"": ""PowerTransformer(YJ)""}",42,
2026-07-28T23:10:12+00:00,3_seleccion,seleccion_variables,LogisticRegression,v05_escalado,"{""f1"": 0.90317, ""mcc"": 0.85076}","{""subconjunto"": ""full"", ""n"": 111}",42,
2026-07-28T23:10:12+00:00,3_seleccion,seleccion_variables,LogisticRegression,v05_escalado,"{""f1"": 0.89556, ""mcc"": 0.83897}","{""subconjunto"": ""variance"", ""n"": 82}",42,
2026-07-28T23:10:12+00:00,3_seleccion,seleccion_variables,LogisticRegression,v05_escalado,"{""f1"": 0.8952, ""mcc"": 0.83834}","{""subconjunto"": ""filter_corr"", ""n"": 50}",42,
2026-07-28T23:10:12+00:00,3_seleccion,seleccion_variables,LogisticRegression,v05_escalado,"{""f1"": 0.89331, ""mcc"": 0.83525}","{""subconjunto"": ""embedded_l1"", ""n"": 29}",42,
2026-07-28T23:10:12+00:00,3_seleccion,seleccion_variables,LogisticRegression,v05_escalado,"{""f1"": 0.89044, ""mcc"": 0.83027}","{""subconjunto"": ""embedded_tree"", ""n"": 41}",42,
2026-07-28T23:10:12+00:00,3_seleccion,seleccion_variables,LogisticRegression,v05_escalado,"{""f1"": 0.89394, ""mcc"": 0.83647}","{""subconjunto"": ""wrapper"", ""n"": 77}",42,
2026-07-28T23:10:15+00:00,4_reduccion,representacion,LogisticRegression,,"{""f1"": 0.90317, ""mcc"": 0.85076}","{""representacion"": ""completa (111)"", ""n"": 111}",42,
2026-07-28T23:10:15+00:00,4_reduccion,representacion,LogisticRegression,,"{""f1"": 0.89331, ""mcc"": 0.83525}","{""representacion"": ""selecci\u00f3n (29)"", ""n"": 29}",42,
2026-07-28T23:10:15+00:00,4_reduccion,representacion,LogisticRegression,,"{""f1"": 0.66025, ""mcc"": 0.55981}","{""representacion"": ""PCA (2)"", ""n"": 2}",42,
2026-07-28T23:10:15+00:00,4_reduccion,representacion,LogisticRegression,,"{""f1"": 0.90385, ""mcc"": 0.85084}","{""representacion"": ""LDA (1)"", ""n"": 1}",42,
2026-07-28T23:10:53+00:00,5_balanceo,balanceo,LogisticRegression,v06_seleccionado,"{""f1"": 0.89409, ""mcc"": 0.83673, ""recall"": 0.90087}","{""esquema"": ""sin_balanceo""}",42,
2026-07-28T23:10:53+00:00,5_balanceo,balanceo,LogisticRegression,v06_seleccionado,"{""f1"": 0.89476, ""mcc"": 0.83646, ""recall"": 0.93899}","{""esquema"": ""balanced""}",42,
2026-07-28T23:10:53+00:00,5_balanceo,balanceo,LogisticRegression,v06_seleccionado,"{""f1"": 0.89472, ""mcc"": 0.83641, ""recall"": 0.9428}","{""esquema"": ""peso_2:1""}",42,
2026-07-28T23:10:53+00:00,5_balanceo,balanceo,LogisticRegression,v06_seleccionado,"{""f1"": 0.89086, ""mcc"": 0.83077, ""recall"": 0.95615}","{""esquema"": ""peso_3:1""}",42,
2026-07-28T23:10:53+00:00,5_balanceo,balanceo,LogisticRegression,v06_seleccionado,"{""f1"": 0.89371, ""mcc"": 0.83476, ""recall"": 0.93232}","{""esquema"": ""SMOTE""}",42,
2026-07-28T23:10:53+00:00,5_balanceo,balanceo,LogisticRegression,v06_seleccionado,"{""f1"": 0.89181, ""mcc"": 0.83175, ""recall"": 0.9409}","{""esquema"": ""BorderlineSMOTE""}",42,
2026-07-28T23:10:53+00:00,5_balanceo,balanceo,LogisticRegression,v06_seleccionado,"{""f1"": 0.89568, ""mcc"": 0.83804, ""recall"": 0.94853}","{""esquema"": ""ADASYN""}",42,
2026-07-28T23:10:53+00:00,5_balanceo,balanceo,LogisticRegression,v06_seleccionado,"{""f1"": 0.89476, ""mcc"": 0.83638, ""recall"": 0.93518}","{""esquema"": ""RandomOver""}",42,
2026-07-28T23:10:53+00:00,5_balanceo,balanceo,LogisticRegression,v06_seleccionado,"{""f1"": 0.89183, ""mcc"": 0.83169, ""recall"": 0.93804}","{""esquema"": ""RandomUnder""}",42,
2026-07-28T23:10:53+00:00,5_balanceo,balanceo,LogisticRegression,v06_seleccionado,"{""f1"": 0.89334, ""mcc"": 0.83492, ""recall"": 0.90945}","{""esquema"": ""TomekLinks""}",42,
2026-07-28T23:10:53+00:00,5_balanceo,balanceo,LogisticRegression,v06_seleccionado,"{""f1"": 0.88858, ""mcc"": 0.82759, ""recall"": 0.96091}","{""esquema"": ""ENN""}",42,
2026-07-28T23:10:53+00:00,5_balanceo,balanceo,LogisticRegression,v06_seleccionado,"{""f1"": 0.87816, ""mcc"": 0.8103, ""recall"": 0.93326}","{""esquema"": ""NearMiss-1""}",42,
2026-07-28T23:10:53+00:00,5_balanceo,balanceo,LogisticRegression,v06_seleccionado,"{""f1"": 0.89438, ""mcc"": 0.83589, ""recall"": 0.93136}","{""esquema"": ""SMOTETomek""}",42,
2026-07-28T23:10:53+00:00,5_balanceo,balanceo,LogisticRegression,v06_seleccionado,"{""f1"": 0.89518, ""mcc"": 0.83768, ""recall"": 0.91515}","{""esquema"": ""SMOTEENN""}",42,
2026-07-28T23:10:54+00:00,6_modelos,escalados,Dummy(mayoritaria),v06_seleccionado,"{""accuracy_mean"": 0.65033, ""balanced_accuracy_mean"": 0.5, ""precision_mean"": 0.0, ""recall_mean"": 0.0, ""f1_mean"": 0.0, ""mcc_mean"": 0.0, ""roc_auc_mean"": 0.5, ""average_precision_mean"": 0.34967}",{},42,
2026-07-28T23:10:54+00:00,6_modelos,escalados,Dummy(estratificada),v06_seleccionado,"{""accuracy_mean"": 0.549, ""balanced_accuracy_mean"": 0.50429, ""precision_mean"": 0.35524, ""recall_mean"": 0.35558, ""f1_mean"": 0.35541, ""mcc_mean"": 0.00858, ""roc_auc_mean"": 0.50429, ""average_precision_mean"": 0.35192}",{},42,
2026-07-28T23:10:54+00:00,6_modelos,escalados,LogisticRegression,v06_seleccionado,"{""accuracy_mean"": 0.92533, ""balanced_accuracy_mean"": 0.91967, ""precision_mean"": 0.88782, ""recall_mean"": 0.90087, ""f1_mean"": 0.89409, ""mcc_mean"": 0.83673, ""roc_auc_mean"": 0.97835, ""average_precision_mean"": 0.9584}",{},42,
2026-07-28T23:10:54+00:00,6_modelos,escalados,SGD(log_loss),v06_seleccionado,"{""accuracy_mean"": 0.907, ""balanced_accuracy_mean"": 0.88625, ""precision_mean"": 0.90699, ""recall_mean"": 0.81707, ""f1_mean"": 0.85632, ""mcc_mean"": 0.79361, ""roc_auc_mean"": 0.951, ""average_precision_mean"": 0.93082}",{},42,
2026-07-28T23:10:54+00:00,6_modelos,escalados,LDA,v06_seleccionado,"{""accuracy_mean"": 0.90333, ""balanced_accuracy_mean"": 0.91377, ""precision_mean"": 0.80892, ""recall_mean"": 0.94852, ""f1_mean"": 0.87295, ""mcc_mean"": 0.80263, ""roc_auc_mean"": 0.97569, ""average_precision_mean"": 0.95303}",{},42,
2026-07-28T23:10:54+00:00,6_modelos,escalados,LinearSVC,v06_seleccionado,"{""accuracy_mean"": 0.92433, ""balanced_accuracy_mean"": 0.92045, ""precision_mean"": 0.88034, ""recall_mean"": 0.90755, ""f1_mean"": 0.89357, ""mcc_mean"": 0.83532, ""roc_auc_mean"": 0.97807, ""average_precision_mean"": 0.95771}",{},42,
2026-07-28T23:10:55+00:00,6_modelos,escalados,SVM-RBF(Nystroem),v06_seleccionado,"{""accuracy_mean"": 0.92533, ""balanced_accuracy_mean"": 0.92343, ""precision_mean"": 0.87597, ""recall_mean"": 0.91708, ""f1_mean"": 0.89578, ""mcc_mean"": 0.83853, ""roc_auc_mean"": 0.97656, ""average_precision_mean"": 0.95582}",{},42,
2026-07-28T23:10:55+00:00,6_modelos,escalados,kNN(k=5),v06_seleccionado,"{""accuracy_mean"": 0.91267, ""balanced_accuracy_mean"": 0.90401, ""precision_mean"": 0.8754, ""recall_mean"": 0.87517, ""f1_mean"": 0.87508, ""mcc_mean"": 0.80818, ""roc_auc_mean"": 0.96159, ""average_precision_mean"": 0.91938}",{},42,
2026-07-28T23:10:56+00:00,6_modelos,escalados,kNN(k=15),v06_seleccionado,"{""accuracy_mean"": 0.911, ""balanced_accuracy_mean"": 0.9047, ""precision_mean"": 0.86515, ""recall_mean"": 0.88373, ""f1_mean"": 0.8741, ""mcc_mean"": 0.80568, ""roc_auc_mean"": 0.96774, ""average_precision_mean"": 0.93567}",{},42,
2026-07-28T23:10:56+00:00,6_modelos,escalados,GaussianNB,v06_seleccionado,"{""accuracy_mean"": 0.86933, ""balanced_accuracy_mean"": 0.83428, ""precision_mean"": 0.88824, ""recall_mean"": 0.71776, ""f1_mean"": 0.79202, ""mcc_mean"": 0.70857, ""roc_auc_mean"": 0.95442, ""average_precision_mean"": 0.88192}",{},42,
2026-07-28T23:10:57+00:00,6_modelos,escalados,MLP(100),v06_seleccionado,"{""accuracy_mean"": 0.929, ""balanced_accuracy_mean"": 0.92403, ""precision_mean"": 0.89279, ""recall_mean"": 0.90753, ""f1_mean"": 0.89968, ""mcc_mean"": 0.84531, ""roc_auc_mean"": 0.9765, ""average_precision_mean"": 0.95931}",{},42,
2026-07-28T23:10:57+00:00,6_modelos,escalados,"MLP(64,32)",v06_seleccionado,"{""accuracy_mean"": 0.91467, ""balanced_accuracy_mean"": 0.90795, ""precision_mean"": 0.8731, ""recall_mean"": 0.88562, ""f1_mean"": 0.87919, ""mcc_mean"": 0.81343, ""roc_auc_mean"": 0.96671, ""average_precision_mean"": 0.93837}",{},42,
2026-07-28T23:10:57+00:00,6_modelos,arboles,DecisionTree,v06_seleccionado_arbol,"{""accuracy_mean"": 0.92533, ""balanced_accuracy_mean"": 0.91592, ""precision_mean"": 0.90127, ""recall_mean"": 0.88464, ""f1_mean"": 0.89222, ""mcc_mean"": 0.83591, ""roc_auc_mean"": 0.91592, ""average_precision_mean"": 0.83707}",{},42,
2026-07-28T23:10:59+00:00,6_modelos,arboles,RandomForest,v06_seleccionado_arbol,"{""accuracy_mean"": 0.955, ""balanced_accuracy_mean"": 0.95261, ""precision_mean"": 0.92819, ""recall_mean"": 0.94469, ""f1_mean"": 0.93623, ""mcc_mean"": 0.90172, ""roc_auc_mean"": 0.99129, ""average_precision_mean"": 0.98401}",{},42,
2026-07-28T23:11:00+00:00,6_modelos,arboles,ExtraTrees,v06_seleccionado_arbol,"{""accuracy_mean"": 0.95567, ""balanced_accuracy_mean"": 0.95335, ""precision_mean"": 0.92903, ""recall_mean"": 0.94566, ""f1_mean"": 0.93717, ""mcc_mean"": 0.90313, ""roc_auc_mean"": 0.99138, ""average_precision_mean"": 0.98488}",{},42,
2026-07-28T23:11:01+00:00,6_modelos,arboles,HistGradientBoosting,v06_seleccionado_arbol,"{""accuracy_mean"": 0.95333, ""balanced_accuracy_mean"": 0.94979, ""precision_mean"": 0.9296, ""recall_mean"": 0.93802, ""f1_mean"": 0.93362, ""mcc_mean"": 0.89786, ""roc_auc_mean"": 0.99055, ""average_precision_mean"": 0.98235}",{},42,
2026-07-28T23:11:03+00:00,6_modelos,arboles,XGBoost,v06_seleccionado_arbol,"{""accuracy_mean"": 0.95467, ""balanced_accuracy_mean"": 0.95081, ""precision_mean"": 0.93307, ""recall_mean"": 0.93802, ""f1_mean"": 0.93534, ""mcc_mean"": 0.90068, ""roc_auc_mean"": 0.99068, ""average_precision_mean"": 0.98301}",{},42,
2026-07-28T23:11:06+00:00,6_modelos,arboles,LightGBM,v06_seleccionado_arbol,"{""accuracy_mean"": 0.95667, ""balanced_accuracy_mean"": 0.95257, ""precision_mean"": 0.9378, ""recall_mean"": 0.93897, ""f1_mean"": 0.93807, ""mcc_mean"": 0.90511, ""roc_auc_mean"": 0.99119, ""average_precision_mean"": 0.98392}",{},42,
2026-07-28T23:11:08+00:00,6_modelos,arboles,CatBoost,v06_seleccionado_arbol,"{""accuracy_mean"": 0.955, ""balanced_accuracy_mean"": 0.95174, ""precision_mean"": 0.9315, ""recall_mean"": 0.9409, ""f1_mean"": 0.93596, ""mcc_mean"": 0.90156, ""roc_auc_mean"": 0.99016, ""average_precision_mean"": 0.98112}",{},42,
2026-07-28T23:11:41+00:00,7_optimizacion,estrategia_busqueda,LightGBM,,"{""f1"": 0.937}","{""estrategia"": ""Rejilla"", ""evaluaciones"": 16}",42,
2026-07-28T23:11:41+00:00,7_optimizacion,estrategia_busqueda,LightGBM,,"{""f1"": 0.9383}","{""estrategia"": ""Aleatoria"", ""evaluaciones"": 4}",42,
2026-07-28T23:11:41+00:00,7_optimizacion,estrategia_busqueda,LightGBM,,"{""f1"": 0.9369}","{""estrategia"": ""Bayesiana (Optuna/TPE)"", ""evaluaciones"": 4}",42,
2026-07-28T23:11:49+00:00,7_optimizacion,optuna_tpe,XGBoost,v06_seleccionado_arbol,{},"{""n_estimators"": 287, ""max_depth"": 10, ""learning_rate"": 0.1205712628744377, ""subsample"": 0.8394633936788146, ""colsample_bytree"": 0.6624074561769746, ""min_child_weight"": 2, ""reg_lambda"": 0.0017073967431528124}",42,
2026-07-28T23:11:49+00:00,7_optimizacion,optuna_tpe,LightGBM,v06_seleccionado_arbol,{},"{""n_estimators"": 287, ""num_leaves"": 122, ""max_depth"": 10, ""learning_rate"": 0.07661100707771368, ""subsample"": 0.6624074561769746, ""colsample_bytree"": 0.662397808134481, ""reg_lambda"": 0.0017073967431528124, ""min_child_samples"": 88}",42,
2026-07-28T23:11:49+00:00,7_optimizacion,optuna_tpe,RandomForest,v06_seleccionado_arbol,{},"{""n_estimators"": 155, ""max_depth"": 12, ""max_features"": 0.6198051453057902, ""min_samples_split"": 10, ""min_samples_leaf"": 3}",42,
2026-07-28T23:12:50+00:00,7_optimizacion,cv_anidada,XGBoost,v06_seleccionado_arbol,"{""f1_anidada"": 0.9436}",{},42,
2026-07-28T23:13:21+00:00,8_evaluacion,test_reservado,XGBoost,test reservado,"{""accuracy"": 0.9547, ""balanced_accuracy"": 0.9546, ""precision"": 0.9191, ""recall"": 0.9542, ""especificidad"": 0.9549, ""f1"": 0.9363, ""mcc"": 0.9015, ""roc_auc"": 0.9901, ""pr_auc"": 0.9804, ""brier"": 0.037}","{""n_estimators"": 287, ""max_depth"": 10, ""learning_rate"": 0.1205712628744377, ""subsample"": 0.8394633936788146, ""colsample_bytree"": 0.6624074561769746, ""min_child_weight"": 2, ""reg_lambda"": 0.0017073967431528124}",42,
2026-07-28T23:16:08+00:00,2_preprocesamiento,imputacion,LogisticRegression,train con NaN,"{""f1"": 0.8892, ""mcc"": 0.82991}","{""imputador"": ""media""}",42,
2026-07-28T23:16:08+00:00,2_preprocesamiento,imputacion,LogisticRegression,train con NaN,"{""f1"": 0.88797, ""mcc"": 0.82765}","{""imputador"": ""mediana""}",42,
2026-07-28T23:16:08+00:00,2_preprocesamiento,imputacion,LogisticRegression,train con NaN,"{""f1"": 0.88827, ""mcc"": 0.82859}","{""imputador"": ""moda""}",42,
2026-07-28T23:16:08+00:00,2_preprocesamiento,imputacion,LogisticRegression,train con NaN,"{""f1"": 0.90279, ""mcc"": 0.85026}","{""imputador"": ""constante_-1""}",42,
2026-07-28T23:16:08+00:00,2_preprocesamiento,imputacion,LogisticRegression,train con NaN,"{""f1"": 0.90069, ""mcc"": 0.84705}","{""imputador"": ""mediana+indicador""}",42,
2026-07-28T23:16:08+00:00,2_preprocesamiento,imputacion,LogisticRegression,train con NaN,"{""f1"": 0.90043, ""mcc"": 0.84666}","{""imputador"": ""media+indicador""}",42,
2026-07-28T23:16:08+00:00,2_preprocesamiento,imputacion,LogisticRegression,train con NaN,"{""f1"": 0.8772, ""mcc"": 0.81083}","{""imputador"": ""mediana_ref""}",42,
2026-07-28T23:16:08+00:00,2_preprocesamiento,imputacion,LogisticRegression,train con NaN,"{""f1"": 0.88719, ""mcc"": 0.82735}","{""imputador"": ""knn_k5""}",42,
2026-07-28T23:16:08+00:00,2_preprocesamiento,imputacion,LogisticRegression,train con NaN,"{""f1"": 0.86335, ""mcc"": 0.79356}","{""imputador"": ""mice""}",42,
2026-07-28T23:16:22+00:00,2_preprocesamiento,escalado,LogisticRegression,v04_imputado,"{""f1"": 0.88599, ""mcc"": 0.82284}","{""escalador"": ""sin_escalar""}",42,
2026-07-28T23:16:22+00:00,2_preprocesamiento,escalado,LogisticRegression,v04_imputado,"{""f1"": 0.90155, ""mcc"": 0.84829}","{""escalador"": ""StandardScaler""}",42,
2026-07-28T23:16:22+00:00,2_preprocesamiento,escalado,LogisticRegression,v04_imputado,"{""f1"": 0.89268, ""mcc"": 0.83304}","{""escalador"": ""MinMaxScaler""}",42,
2026-07-28T23:16:22+00:00,2_preprocesamiento,escalado,LogisticRegression,v04_imputado,"{""f1"": 0.90298, ""mcc"": 0.85043}","{""escalador"": ""RobustScaler""}",42,
2026-07-28T23:16:22+00:00,2_preprocesamiento,escalado,LogisticRegression,v04_imputado,"{""f1"": 0.89205, ""mcc"": 0.83207}","{""escalador"": ""MaxAbsScaler""}",42,
2026-07-28T23:16:22+00:00,2_preprocesamiento,escalado,LogisticRegression,v04_imputado,"{""f1"": 0.90174, ""mcc"": 0.84851}","{""escalador"": ""PowerTransformer(YJ)""}",42,
2026-07-28T23:16:34+00:00,3_seleccion,seleccion_variables,LogisticRegression,v05_escalado,"{""f1"": 0.90317, ""mcc"": 0.85076}","{""subconjunto"": ""full"", ""n"": 111}",42,
2026-07-28T23:16:34+00:00,3_seleccion,seleccion_variables,LogisticRegression,v05_escalado,"{""f1"": 0.89556, ""mcc"": 0.83897}","{""subconjunto"": ""variance"", ""n"": 82}",42,
2026-07-28T23:16:34+00:00,3_seleccion,seleccion_variables,LogisticRegression,v05_escalado,"{""f1"": 0.8952, ""mcc"": 0.83834}","{""subconjunto"": ""filter_corr"", ""n"": 50}",42,
2026-07-28T23:16:34+00:00,3_seleccion,seleccion_variables,LogisticRegression,v05_escalado,"{""f1"": 0.89331, ""mcc"": 0.83525}","{""subconjunto"": ""embedded_l1"", ""n"": 29}",42,
2026-07-28T23:16:34+00:00,3_seleccion,seleccion_variables,LogisticRegression,v05_escalado,"{""f1"": 0.89044, ""mcc"": 0.83027}","{""subconjunto"": ""embedded_tree"", ""n"": 41}",42,
2026-07-28T23:16:34+00:00,3_seleccion,seleccion_variables,LogisticRegression,v05_escalado,"{""f1"": 0.89394, ""mcc"": 0.83647}","{""subconjunto"": ""wrapper"", ""n"": 77}",42,
2026-07-28T23:16:38+00:00,4_reduccion,representacion,LogisticRegression,,"{""f1"": 0.90317, ""mcc"": 0.85076}","{""representacion"": ""completa (111)"", ""n"": 111}",42,
2026-07-28T23:16:38+00:00,4_reduccion,representacion,LogisticRegression,,"{""f1"": 0.89331, ""mcc"": 0.83525}","{""representacion"": ""selecci\u00f3n (29)"", ""n"": 29}",42,
2026-07-28T23:16:38+00:00,4_reduccion,representacion,LogisticRegression,,"{""f1"": 0.66025, ""mcc"": 0.55981}","{""representacion"": ""PCA (2)"", ""n"": 2}",42,
2026-07-28T23:16:38+00:00,4_reduccion,representacion,LogisticRegression,,"{""f1"": 0.90385, ""mcc"": 0.85084}","{""representacion"": ""LDA (1)"", ""n"": 1}",42,
2026-07-28T23:17:21+00:00,5_balanceo,balanceo,LogisticRegression,v06_seleccionado,"{""f1"": 0.89409, ""mcc"": 0.83673, ""recall"": 0.90087}","{""esquema"": ""sin_balanceo""}",42,
2026-07-28T23:17:21+00:00,5_balanceo,balanceo,LogisticRegression,v06_seleccionado,"{""f1"": 0.89476, ""mcc"": 0.83646, ""recall"": 0.93899}","{""esquema"": ""balanced""}",42,
2026-07-28T23:17:21+00:00,5_balanceo,balanceo,LogisticRegression,v06_seleccionado,"{""f1"": 0.89472, ""mcc"": 0.83641, ""recall"": 0.9428}","{""esquema"": ""peso_2:1""}",42,
2026-07-28T23:17:21+00:00,5_balanceo,balanceo,LogisticRegression,v06_seleccionado,"{""f1"": 0.89086, ""mcc"": 0.83077, ""recall"": 0.95615}","{""esquema"": ""peso_3:1""}",42,
2026-07-28T23:17:21+00:00,5_balanceo,balanceo,LogisticRegression,v06_seleccionado,"{""f1"": 0.89371, ""mcc"": 0.83476, ""recall"": 0.93232}","{""esquema"": ""SMOTE""}",42,
2026-07-28T23:17:21+00:00,5_balanceo,balanceo,LogisticRegression,v06_seleccionado,"{""f1"": 0.89181, ""mcc"": 0.83175, ""recall"": 0.9409}","{""esquema"": ""BorderlineSMOTE""}",42,
2026-07-28T23:17:21+00:00,5_balanceo,balanceo,LogisticRegression,v06_seleccionado,"{""f1"": 0.89568, ""mcc"": 0.83804, ""recall"": 0.94853}","{""esquema"": ""ADASYN""}",42,
2026-07-28T23:17:21+00:00,5_balanceo,balanceo,LogisticRegression,v06_seleccionado,"{""f1"": 0.89476, ""mcc"": 0.83638, ""recall"": 0.93518}","{""esquema"": ""RandomOver""}",42,
2026-07-28T23:17:21+00:00,5_balanceo,balanceo,LogisticRegression,v06_seleccionado,"{""f1"": 0.89183, ""mcc"": 0.83169, ""recall"": 0.93804}","{""esquema"": ""RandomUnder""}",42,
2026-07-28T23:17:21+00:00,5_balanceo,balanceo,LogisticRegression,v06_seleccionado,"{""f1"": 0.89334, ""mcc"": 0.83492, ""recall"": 0.90945}","{""esquema"": ""TomekLinks""}",42,
2026-07-28T23:17:21+00:00,5_balanceo,balanceo,LogisticRegression,v06_seleccionado,"{""f1"": 0.88858, ""mcc"": 0.82759, ""recall"": 0.96091}","{""esquema"": ""ENN""}",42,
2026-07-28T23:17:21+00:00,5_balanceo,balanceo,LogisticRegression,v06_seleccionado,"{""f1"": 0.87816, ""mcc"": 0.8103, ""recall"": 0.93326}","{""esquema"": ""NearMiss-1""}",42,
2026-07-28T23:17:21+00:00,5_balanceo,balanceo,LogisticRegression,v06_seleccionado,"{""f1"": 0.89438, ""mcc"": 0.83589, ""recall"": 0.93136}","{""esquema"": ""SMOTETomek""}",42,
2026-07-28T23:17:21+00:00,5_balanceo,balanceo,LogisticRegression,v06_seleccionado,"{""f1"": 0.89518, ""mcc"": 0.83768, ""recall"": 0.91515}","{""esquema"": ""SMOTEENN""}",42,
2026-07-28T23:17:22+00:00,6_modelos,escalados,Dummy(mayoritaria),v06_seleccionado,"{""accuracy_mean"": 0.65033, ""balanced_accuracy_mean"": 0.5, ""precision_mean"": 0.0, ""recall_mean"": 0.0, ""f1_mean"": 0.0, ""mcc_mean"": 0.0, ""roc_auc_mean"": 0.5, ""average_precision_mean"": 0.34967}",{},42,
2026-07-28T23:17:22+00:00,6_modelos,escalados,Dummy(estratificada),v06_seleccionado,"{""accuracy_mean"": 0.549, ""balanced_accuracy_mean"": 0.50429, ""precision_mean"": 0.35524, ""recall_mean"": 0.35558, ""f1_mean"": 0.35541, ""mcc_mean"": 0.00858, ""roc_auc_mean"": 0.50429, ""average_precision_mean"": 0.35192}",{},42,
2026-07-28T23:17:22+00:00,6_modelos,escalados,LogisticRegression,v06_seleccionado,"{""accuracy_mean"": 0.92533, ""balanced_accuracy_mean"": 0.91967, ""precision_mean"": 0.88782, ""recall_mean"": 0.90087, ""f1_mean"": 0.89409, ""mcc_mean"": 0.83673, ""roc_auc_mean"": 0.97835, ""average_precision_mean"": 0.9584}",{},42,
2026-07-28T23:17:22+00:00,6_modelos,escalados,SGD(log_loss),v06_seleccionado,"{""accuracy_mean"": 0.907, ""balanced_accuracy_mean"": 0.88625, ""precision_mean"": 0.90699, ""recall_mean"": 0.81707, ""f1_mean"": 0.85632, ""mcc_mean"": 0.79361, ""roc_auc_mean"": 0.951, ""average_precision_mean"": 0.93082}",{},42,
2026-07-28T23:17:22+00:00,6_modelos,escalados,LDA,v06_seleccionado,"{""accuracy_mean"": 0.90333, ""balanced_accuracy_mean"": 0.91377, ""precision_mean"": 0.80892, ""recall_mean"": 0.94852, ""f1_mean"": 0.87295, ""mcc_mean"": 0.80263, ""roc_auc_mean"": 0.97569, ""average_precision_mean"": 0.95303}",{},42,
2026-07-28T23:17:22+00:00,6_modelos,escalados,LinearSVC,v06_seleccionado,"{""accuracy_mean"": 0.92433, ""balanced_accuracy_mean"": 0.92045, ""precision_mean"": 0.88034, ""recall_mean"": 0.90755, ""f1_mean"": 0.89357, ""mcc_mean"": 0.83532, ""roc_auc_mean"": 0.97807, ""average_precision_mean"": 0.95771}",{},42,
2026-07-28T23:17:23+00:00,6_modelos,escalados,SVM-RBF(Nystroem),v06_seleccionado,"{""accuracy_mean"": 0.92533, ""balanced_accuracy_mean"": 0.92343, ""precision_mean"": 0.87597, ""recall_mean"": 0.91708, ""f1_mean"": 0.89578, ""mcc_mean"": 0.83853, ""roc_auc_mean"": 0.97656, ""average_precision_mean"": 0.95582}",{},42,
2026-07-28T23:17:23+00:00,6_modelos,escalados,kNN(k=5),v06_seleccionado,"{""accuracy_mean"": 0.91267, ""balanced_accuracy_mean"": 0.90401, ""precision_mean"": 0.8754, ""recall_mean"": 0.87517, ""f1_mean"": 0.87508, ""mcc_mean"": 0.80818, ""roc_auc_mean"": 0.96159, ""average_precision_mean"": 0.91938}",{},42,
2026-07-28T23:17:23+00:00,6_modelos,escalados,kNN(k=15),v06_seleccionado,"{""accuracy_mean"": 0.911, ""balanced_accuracy_mean"": 0.9047, ""precision_mean"": 0.86515, ""recall_mean"": 0.88373, ""f1_mean"": 0.8741, ""mcc_mean"": 0.80568, ""roc_auc_mean"": 0.96774, ""average_precision_mean"": 0.93567}",{},42,
2026-07-28T23:17:23+00:00,6_modelos,escalados,GaussianNB,v06_seleccionado,"{""accuracy_mean"": 0.86933, ""balanced_accuracy_mean"": 0.83428, ""precision_mean"": 0.88824, ""recall_mean"": 0.71776, ""f1_mean"": 0.79202, ""mcc_mean"": 0.70857, ""roc_auc_mean"": 0.95442, ""average_precision_mean"": 0.88192}",{},42,
2026-07-28T23:17:24+00:00,6_modelos,escalados,MLP(100),v06_seleccionado,"{""accuracy_mean"": 0.929, ""balanced_accuracy_mean"": 0.92403, ""precision_mean"": 0.89279, ""recall_mean"": 0.90753, ""f1_mean"": 0.89968, ""mcc_mean"": 0.84531, ""roc_auc_mean"": 0.9765, ""average_precision_mean"": 0.95931}",{},42,
2026-07-28T23:17:25+00:00,6_modelos,escalados,"MLP(64,32)",v06_seleccionado,"{""accuracy_mean"": 0.91467, ""balanced_accuracy_mean"": 0.90795, ""precision_mean"": 0.8731, ""recall_mean"": 0.88562, ""f1_mean"": 0.87919, ""mcc_mean"": 0.81343, ""roc_auc_mean"": 0.96671, ""average_precision_mean"": 0.93837}",{},42,
2026-07-28T23:17:25+00:00,6_modelos,arboles,DecisionTree,v06_seleccionado_arbol,"{""accuracy_mean"": 0.92533, ""balanced_accuracy_mean"": 0.91592, ""precision_mean"": 0.90127, ""recall_mean"": 0.88464, ""f1_mean"": 0.89222, ""mcc_mean"": 0.83591, ""roc_auc_mean"": 0.91592, ""average_precision_mean"": 0.83707}",{},42,
2026-07-28T23:17:27+00:00,6_modelos,arboles,RandomForest,v06_seleccionado_arbol,"{""accuracy_mean"": 0.955, ""balanced_accuracy_mean"": 0.95261, ""precision_mean"": 0.92819, ""recall_mean"": 0.94469, ""f1_mean"": 0.93623, ""mcc_mean"": 0.90172, ""roc_auc_mean"": 0.99129, ""average_precision_mean"": 0.98401}",{},42,
2026-07-28T23:17:28+00:00,6_modelos,arboles,ExtraTrees,v06_seleccionado_arbol,"{""accuracy_mean"": 0.95567, ""balanced_accuracy_mean"": 0.95335, ""precision_mean"": 0.92903, ""recall_mean"": 0.94566, ""f1_mean"": 0.93717, ""mcc_mean"": 0.90313, ""roc_auc_mean"": 0.99138, ""average_precision_mean"": 0.98488}",{},42,
2026-07-28T23:17:29+00:00,6_modelos,arboles,HistGradientBoosting,v06_seleccionado_arbol,"{""accuracy_mean"": 0.95333, ""balanced_accuracy_mean"": 0.94979, ""precision_mean"": 0.9296, ""recall_mean"": 0.93802, ""f1_mean"": 0.93362, ""mcc_mean"": 0.89786, ""roc_auc_mean"": 0.99055, ""average_precision_mean"": 0.98235}",{},42,
2026-07-28T23:17:31+00:00,6_modelos,arboles,XGBoost,v06_seleccionado_arbol,"{""accuracy_mean"": 0.95467, ""balanced_accuracy_mean"": 0.95081, ""precision_mean"": 0.93307, ""recall_mean"": 0.93802, ""f1_mean"": 0.93534, ""mcc_mean"": 0.90068, ""roc_auc_mean"": 0.99068, ""average_precision_mean"": 0.98301}",{},42,
2026-07-28T23:17:34+00:00,6_modelos,arboles,LightGBM,v06_seleccionado_arbol,"{""accuracy_mean"": 0.95667, ""balanced_accuracy_mean"": 0.95257, ""precision_mean"": 0.9378, ""recall_mean"": 0.93897, ""f1_mean"": 0.93807, ""mcc_mean"": 0.90511, ""roc_auc_mean"": 0.99119, ""average_precision_mean"": 0.98392}",{},42,
2026-07-28T23:17:37+00:00,6_modelos,arboles,CatBoost,v06_seleccionado_arbol,"{""accuracy_mean"": 0.955, ""balanced_accuracy_mean"": 0.95174, ""precision_mean"": 0.9315, ""recall_mean"": 0.9409, ""f1_mean"": 0.93596, ""mcc_mean"": 0.90156, ""roc_auc_mean"": 0.99016, ""average_precision_mean"": 0.98112}",{},42,
2026-07-28T23:18:09+00:00,7_optimizacion,estrategia_busqueda,LightGBM,,"{""f1"": 0.937}","{""estrategia"": ""Rejilla"", ""evaluaciones"": 16}",42,
2026-07-28T23:18:09+00:00,7_optimizacion,estrategia_busqueda,LightGBM,,"{""f1"": 0.9383}","{""estrategia"": ""Aleatoria"", ""evaluaciones"": 4}",42,
2026-07-28T23:18:09+00:00,7_optimizacion,estrategia_busqueda,LightGBM,,"{""f1"": 0.9369}","{""estrategia"": ""Bayesiana (Optuna/TPE)"", ""evaluaciones"": 4}",42,
2026-07-28T23:18:19+00:00,7_optimizacion,optuna_tpe,XGBoost,v06_seleccionado_arbol,{},"{""n_estimators"": 287, ""max_depth"": 10, ""learning_rate"": 0.1205712628744377, ""subsample"": 0.8394633936788146, ""colsample_bytree"": 0.6624074561769746, ""min_child_weight"": 2, ""reg_lambda"": 0.0017073967431528124}",42,
2026-07-28T23:18:19+00:00,7_optimizacion,optuna_tpe,LightGBM,v06_seleccionado_arbol,{},"{""n_estimators"": 287, ""num_leaves"": 122, ""max_depth"": 10, ""learning_rate"": 0.07661100707771368, ""subsample"": 0.6624074561769746, ""colsample_bytree"": 0.662397808134481, ""reg_lambda"": 0.0017073967431528124, ""min_child_samples"": 88}",42,
2026-07-28T23:18:19+00:00,7_optimizacion,optuna_tpe,RandomForest,v06_seleccionado_arbol,{},"{""n_estimators"": 155, ""max_depth"": 12, ""max_features"": 0.6198051453057902, ""min_samples_split"": 10, ""min_samples_leaf"": 3}",42,
2026-07-28T23:19:18+00:00,7_optimizacion,cv_anidada,XGBoost,v06_seleccionado_arbol,"{""f1_anidada"": 0.9436}",{},42,
2026-07-28T23:19:39+00:00,8_evaluacion,test_reservado,XGBoost,test reservado,"{""accuracy"": 0.9547, ""balanced_accuracy"": 0.9546, ""precision"": 0.9191, ""recall"": 0.9542, ""especificidad"": 0.9549, ""f1"": 0.9363, ""mcc"": 0.9015, ""roc_auc"": 0.9901, ""pr_auc"": 0.9804, ""brier"": 0.037}","{""n_estimators"": 287, ""max_depth"": 10, ""learning_rate"": 0.1205712628744377, ""subsample"": 0.8394633936788146, ""colsample_bytree"": 0.6624074561769746, ""min_child_weight"": 2, ""reg_lambda"": 0.0017073967431528124}",42,
2026-07-28T23:20:13+00:00,10_robustez,fuera_de_distribucion,XGBoost,,"{""f1_ood"": 0.767, ""caida_f1"": 0.1693}",{},42,
2026-07-28T23:24:20+00:00,2_preprocesamiento,imputacion,LogisticRegression,train con NaN,"{""f1"": 0.88453, ""mcc"": 0.82212}","{""imputador"": ""media""}",42,
2026-07-28T23:24:20+00:00,2_preprocesamiento,imputacion,LogisticRegression,train con NaN,"{""f1"": 0.88378, ""mcc"": 0.82079}","{""imputador"": ""mediana""}",42,
2026-07-28T23:24:20+00:00,2_preprocesamiento,imputacion,LogisticRegression,train con NaN,"{""f1"": 0.88183, ""mcc"": 0.81757}","{""imputador"": ""moda""}",42,
2026-07-28T23:24:20+00:00,2_preprocesamiento,imputacion,LogisticRegression,train con NaN,"{""f1"": 0.90469, ""mcc"": 0.85273}","{""imputador"": ""constante_-1""}",42,
2026-07-28T23:24:20+00:00,2_preprocesamiento,imputacion,LogisticRegression,train con NaN,"{""f1"": 0.90569, ""mcc"": 0.85446}","{""imputador"": ""mediana+indicador""}",42,
2026-07-28T23:24:20+00:00,2_preprocesamiento,imputacion,LogisticRegression,train con NaN,"{""f1"": 0.90567, ""mcc"": 0.85443}","{""imputador"": ""media+indicador""}",42,
2026-07-28T23:24:20+00:00,2_preprocesamiento,imputacion,LogisticRegression,train con NaN,"{""f1"": 0.88827, ""mcc"": 0.82841}","{""imputador"": ""mediana_ref""}",42,
2026-07-28T23:24:20+00:00,2_preprocesamiento,imputacion,LogisticRegression,train con NaN,"{""f1"": 0.89486, ""mcc"": 0.8382}","{""imputador"": ""knn_k5""}",42,
2026-07-28T23:24:20+00:00,2_preprocesamiento,imputacion,LogisticRegression,train con NaN,"{""f1"": 0.88666, ""mcc"": 0.82618}","{""imputador"": ""mice""}",42,
2026-07-28T23:24:22+00:00,2_preprocesamiento,escalado,LogisticRegression,v04_imputado,"{""f1"": 0.87149, ""mcc"": 0.80101}","{""escalador"": ""sin_escalar""}",42,
2026-07-28T23:24:22+00:00,2_preprocesamiento,escalado,LogisticRegression,v04_imputado,"{""f1"": 0.9058, ""mcc"": 0.85462}","{""escalador"": ""StandardScaler""}",42,
2026-07-28T23:24:22+00:00,2_preprocesamiento,escalado,LogisticRegression,v04_imputado,"{""f1"": 0.8996, ""mcc"": 0.84443}","{""escalador"": ""MinMaxScaler""}",42,
2026-07-28T23:24:22+00:00,2_preprocesamiento,escalado,LogisticRegression,v04_imputado,"{""f1"": 0.90575, ""mcc"": 0.85455}","{""escalador"": ""RobustScaler""}",42,
2026-07-28T23:24:22+00:00,2_preprocesamiento,escalado,LogisticRegression,v04_imputado,"{""f1"": 0.89969, ""mcc"": 0.84455}","{""escalador"": ""MaxAbsScaler""}",42,
2026-07-28T23:24:22+00:00,2_preprocesamiento,escalado,LogisticRegression,v04_imputado,"{""f1"": 0.9035, ""mcc"": 0.85113}","{""escalador"": ""PowerTransformer(YJ)""}",42,
2026-07-28T23:24:23+00:00,3_seleccion,seleccion_variables,LogisticRegression,v05_escalado,"{""f1"": 0.90573, ""mcc"": 0.85453}","{""subconjunto"": ""full"", ""n"": 177}",42,
2026-07-28T23:24:23+00:00,3_seleccion,seleccion_variables,LogisticRegression,v05_escalado,"{""f1"": 0.89949, ""mcc"": 0.84483}","{""subconjunto"": ""variance"", ""n"": 109}",42,
2026-07-28T23:24:23+00:00,3_seleccion,seleccion_variables,LogisticRegression,v05_escalado,"{""f1"": 0.89964, ""mcc"": 0.84506}","{""subconjunto"": ""filter_corr"", ""n"": 54}",42,
2026-07-28T23:24:23+00:00,3_seleccion,seleccion_variables,LogisticRegression,v05_escalado,"{""f1"": 0.8997, ""mcc"": 0.84515}","{""subconjunto"": ""embedded_l1"", ""n"": 59}",42,
2026-07-28T23:24:23+00:00,3_seleccion,seleccion_variables,LogisticRegression,v05_escalado,"{""f1"": 0.86844, ""mcc"": 0.79626}","{""subconjunto"": ""embedded_tree"", ""n"": 55}",42,
2026-07-28T23:24:23+00:00,3_seleccion,seleccion_variables,LogisticRegression,v05_escalado,"{""f1"": 0.89949, ""mcc"": 0.84483}","{""subconjunto"": ""wrapper"", ""n"": 109}",42,
2026-07-28T23:24:24+00:00,4_reduccion,representacion,LogisticRegression,,"{""f1"": 0.90573, ""mcc"": 0.85453}","{""representacion"": ""completa (177)"", ""n"": 177}",42,
2026-07-28T23:24:24+00:00,4_reduccion,representacion,LogisticRegression,,"{""f1"": 0.89964, ""mcc"": 0.84506}","{""representacion"": ""selecci\u00f3n (54)"", ""n"": 54}",42,
2026-07-28T23:24:24+00:00,4_reduccion,representacion,LogisticRegression,,"{""f1"": 0.87917, ""mcc"": 0.81318}","{""representacion"": ""PCA (48)"", ""n"": 48}",42,
2026-07-28T23:24:24+00:00,4_reduccion,representacion,LogisticRegression,,"{""f1"": 0.89997, ""mcc"": 0.84472}","{""representacion"": ""LDA (1)"", ""n"": 1}",42,
2026-07-28T23:24:28+00:00,5_balanceo,balanceo,LogisticRegression,v06_seleccionado,"{""f1"": 0.89964, ""mcc"": 0.84506, ""recall"": 0.90715}","{""esquema"": ""sin_balanceo""}",42,
2026-07-28T23:24:28+00:00,5_balanceo,balanceo,LogisticRegression,v06_seleccionado,"{""f1"": 0.89372, ""mcc"": 0.83469, ""recall"": 0.94191}","{""esquema"": ""balanced""}",42,
2026-07-28T23:24:28+00:00,5_balanceo,balanceo,LogisticRegression,v06_seleccionado,"{""f1"": 0.89216, ""mcc"": 0.8323, ""recall"": 0.94433}","{""esquema"": ""peso_2:1""}",42,
2026-07-28T23:24:28+00:00,5_balanceo,balanceo,LogisticRegression,v06_seleccionado,"{""f1"": 0.88823, ""mcc"": 0.82684, ""recall"": 0.95933}","{""esquema"": ""peso_3:1""}",42,
2026-07-28T23:24:28+00:00,5_balanceo,balanceo,LogisticRegression,v06_seleccionado,"{""f1"": 0.89381, ""mcc"": 0.8348, ""recall"": 0.93974}","{""esquema"": ""SMOTE""}",42,
2026-07-28T23:24:28+00:00,5_balanceo,balanceo,LogisticRegression,v06_seleccionado,"{""f1"": 0.88255, ""mcc"": 0.81842, ""recall"": 0.96413}","{""esquema"": ""BorderlineSMOTE""}",42,
2026-07-28T23:24:28+00:00,5_balanceo,balanceo,LogisticRegression,v06_seleccionado,"{""f1"": 0.88406, ""mcc"": 0.82072, ""recall"": 0.96368}","{""esquema"": ""ADASYN""}",42,
2026-07-28T23:24:28+00:00,5_balanceo,balanceo,LogisticRegression,v06_seleccionado,"{""f1"": 0.89336, ""mcc"": 0.83412, ""recall"": 0.94146}","{""esquema"": ""RandomOver""}",42,
2026-07-28T23:24:28+00:00,5_balanceo,balanceo,LogisticRegression,v06_seleccionado,"{""f1"": 0.89337, ""mcc"": 0.83414, ""recall"": 0.94175}","{""esquema"": ""RandomUnder""}",42,
2026-07-28T23:24:28+00:00,5_balanceo,balanceo,LogisticRegression,v06_seleccionado,"{""f1"": 0.89999, ""mcc"": 0.84534, ""recall"": 0.91141}","{""esquema"": ""TomekLinks""}",42,
2026-07-28T23:24:28+00:00,5_balanceo,balanceo,LogisticRegression,v06_seleccionado,"{""f1"": 0.89866, ""mcc"": 0.84241, ""recall"": 0.93605}","{""esquema"": ""ENN""}",42,
2026-07-28T23:24:28+00:00,5_balanceo,balanceo,LogisticRegression,v06_seleccionado,"{""f1"": 0.88206, ""mcc"": 0.81619, ""recall"": 0.93076}","{""esquema"": ""NearMiss-1""}",42,
2026-07-28T23:24:28+00:00,5_balanceo,balanceo,LogisticRegression,v06_seleccionado,"{""f1"": 0.89453, ""mcc"": 0.83592, ""recall"": 0.9392}","{""esquema"": ""SMOTETomek""}",42,
2026-07-28T23:24:28+00:00,5_balanceo,balanceo,LogisticRegression,v06_seleccionado,"{""f1"": 0.89728, ""mcc"": 0.84032, ""recall"": 0.92756}","{""esquema"": ""SMOTEENN""}",42,
2026-07-28T23:30:59+00:00,7_optimizacion,estrategia_busqueda,LightGBM,,"{""f1"": 0.9506}","{""estrategia"": ""Rejilla"", ""evaluaciones"": 16}",42,
2026-07-28T23:30:59+00:00,7_optimizacion,estrategia_busqueda,LightGBM,,"{""f1"": 0.9501}","{""estrategia"": ""Aleatoria"", ""evaluaciones"": 30}",42,
2026-07-28T23:30:59+00:00,7_optimizacion,estrategia_busqueda,LightGBM,,"{""f1"": 0.9513}","{""estrategia"": ""Bayesiana (Optuna/TPE)"", ""evaluaciones"": 30}",42,
2026-07-28T23:30:59+00:00,7_optimizacion,optuna_tpe,XGBoost,v06_seleccionado_arbol,{},"{""n_estimators"": 596, ""max_depth"": 6, ""learning_rate"": 0.06077933753233006, ""subsample"": 0.7239015604990822, ""colsample_bytree"": 0.7066152446998185, ""min_child_weight"": 1, ""reg_lambda"": 0.03917832303073568}",42,
2026-07-28T23:30:59+00:00,7_optimizacion,optuna_tpe,LightGBM,v06_seleccionado_arbol,{},"{""n_estimators"": 355, ""num_leaves"": 118, ""max_depth"": 11, ""learning_rate"": 0.10054871218671431, ""subsample"": 0.7061583976302458, ""colsample_bytree"": 0.9437884106748379, ""reg_lambda"": 3.2161320271888854, ""min_child_samples"": 6}",42,
2026-07-28T23:30:59+00:00,7_optimizacion,optuna_tpe,RandomForest,v06_seleccionado_arbol,{},"{""n_estimators"": 252, ""max_depth"": 26, ""max_features"": 0.7027868748116165, ""min_samples_split"": 3, ""min_samples_leaf"": 1}",42,
2026-07-28T23:39:44+00:00,7_optimizacion,cv_anidada,LightGBM,v06_seleccionado_arbol,"{""f1_anidada"": 0.9608}",{},42,
2026-07-28T23:40:25+00:00,8_evaluacion,test_reservado,LightGBM,test reservado,"{""accuracy"": 0.9732, ""balanced_accuracy"": 0.9705, ""precision"": 0.9615, ""recall"": 0.9618, ""especificidad"": 0.9793, ""f1"": 0.9616, ""mcc"": 0.941, ""roc_auc"": 0.9956, ""pr_auc"": 0.9924, ""brier"": 0.0207}","{""n_estimators"": 355, ""num_leaves"": 118, ""max_depth"": 11, ""learning_rate"": 0.10054871218671431, ""subsample"": 0.7061583976302458, ""colsample_bytree"": 0.9437884106748379, ""reg_lambda"": 3.2161320271888854, ""min_child_samples"": 6}",42,
2026-07-28T23:40:47+00:00,10_robustez,fuera_de_distribucion,LightGBM,,"{""f1_ood"": 0.7976, ""caida_f1"": 0.164}",{},42,
2026-07-28T23:44:06+00:00,2_preprocesamiento,imputacion,LogisticRegression,train con NaN,"{""f1"": 0.88453, ""mcc"": 0.82212}","{""imputador"": ""media""}",42,
2026-07-28T23:44:06+00:00,2_preprocesamiento,imputacion,LogisticRegression,train con NaN,"{""f1"": 0.88378, ""mcc"": 0.82079}","{""imputador"": ""mediana""}",42,
2026-07-28T23:44:06+00:00,2_preprocesamiento,imputacion,LogisticRegression,train con NaN,"{""f1"": 0.88183, ""mcc"": 0.81757}","{""imputador"": ""moda""}",42,
2026-07-28T23:44:06+00:00,2_preprocesamiento,imputacion,LogisticRegression,train con NaN,"{""f1"": 0.90469, ""mcc"": 0.85273}","{""imputador"": ""constante_-1""}",42,
2026-07-28T23:44:06+00:00,2_preprocesamiento,imputacion,LogisticRegression,train con NaN,"{""f1"": 0.90569, ""mcc"": 0.85446}","{""imputador"": ""mediana+indicador""}",42,
2026-07-28T23:44:06+00:00,2_preprocesamiento,imputacion,LogisticRegression,train con NaN,"{""f1"": 0.90567, ""mcc"": 0.85443}","{""imputador"": ""media+indicador""}",42,
2026-07-28T23:44:06+00:00,2_preprocesamiento,imputacion,LogisticRegression,train con NaN,"{""f1"": 0.88827, ""mcc"": 0.82841}","{""imputador"": ""mediana_ref""}",42,
2026-07-28T23:44:06+00:00,2_preprocesamiento,imputacion,LogisticRegression,train con NaN,"{""f1"": 0.89486, ""mcc"": 0.8382}","{""imputador"": ""knn_k5""}",42,
2026-07-28T23:44:06+00:00,2_preprocesamiento,imputacion,LogisticRegression,train con NaN,"{""f1"": 0.88666, ""mcc"": 0.82618}","{""imputador"": ""mice""}",42,
2026-07-28T23:44:07+00:00,2_preprocesamiento,escalado,LogisticRegression,v04_imputado,"{""f1"": 0.87149, ""mcc"": 0.80101}","{""escalador"": ""sin_escalar""}",42,
2026-07-28T23:44:07+00:00,2_preprocesamiento,escalado,LogisticRegression,v04_imputado,"{""f1"": 0.9058, ""mcc"": 0.85462}","{""escalador"": ""StandardScaler""}",42,
2026-07-28T23:44:07+00:00,2_preprocesamiento,escalado,LogisticRegression,v04_imputado,"{""f1"": 0.8996, ""mcc"": 0.84443}","{""escalador"": ""MinMaxScaler""}",42,
2026-07-28T23:44:07+00:00,2_preprocesamiento,escalado,LogisticRegression,v04_imputado,"{""f1"": 0.90575, ""mcc"": 0.85455}","{""escalador"": ""RobustScaler""}",42,
2026-07-28T23:44:07+00:00,2_preprocesamiento,escalado,LogisticRegression,v04_imputado,"{""f1"": 0.89969, ""mcc"": 0.84455}","{""escalador"": ""MaxAbsScaler""}",42,
2026-07-28T23:44:07+00:00,2_preprocesamiento,escalado,LogisticRegression,v04_imputado,"{""f1"": 0.9035, ""mcc"": 0.85113}","{""escalador"": ""PowerTransformer(YJ)""}",42,
2026-07-28T23:44:08+00:00,3_seleccion,seleccion_variables,LogisticRegression,v05_escalado,"{""f1"": 0.90573, ""mcc"": 0.85453}","{""subconjunto"": ""full"", ""n"": 177}",42,
2026-07-28T23:44:08+00:00,3_seleccion,seleccion_variables,LogisticRegression,v05_escalado,"{""f1"": 0.89949, ""mcc"": 0.84483}","{""subconjunto"": ""variance"", ""n"": 109}",42,
2026-07-28T23:44:08+00:00,3_seleccion,seleccion_variables,LogisticRegression,v05_escalado,"{""f1"": 0.89964, ""mcc"": 0.84506}","{""subconjunto"": ""filter_corr"", ""n"": 54}",42,
2026-07-28T23:44:08+00:00,3_seleccion,seleccion_variables,LogisticRegression,v05_escalado,"{""f1"": 0.8997, ""mcc"": 0.84515}","{""subconjunto"": ""embedded_l1"", ""n"": 59}",42,
2026-07-28T23:44:08+00:00,3_seleccion,seleccion_variables,LogisticRegression,v05_escalado,"{""f1"": 0.86844, ""mcc"": 0.79626}","{""subconjunto"": ""embedded_tree"", ""n"": 55}",42,
2026-07-28T23:44:08+00:00,3_seleccion,seleccion_variables,LogisticRegression,v05_escalado,"{""f1"": 0.89949, ""mcc"": 0.84483}","{""subconjunto"": ""wrapper"", ""n"": 109}",42,
2026-07-28T23:44:10+00:00,4_reduccion,representacion,LogisticRegression,,"{""f1"": 0.90573, ""mcc"": 0.85453}","{""representacion"": ""completa (177)"", ""n"": 177}",42,
2026-07-28T23:44:10+00:00,4_reduccion,representacion,LogisticRegression,,"{""f1"": 0.89964, ""mcc"": 0.84506}","{""representacion"": ""selecci\u00f3n (54)"", ""n"": 54}",42,
2026-07-28T23:44:10+00:00,4_reduccion,representacion,LogisticRegression,,"{""f1"": 0.87917, ""mcc"": 0.81318}","{""representacion"": ""PCA (48)"", ""n"": 48}",42,
2026-07-28T23:44:10+00:00,4_reduccion,representacion,LogisticRegression,,"{""f1"": 0.89997, ""mcc"": 0.84472}","{""representacion"": ""LDA (1)"", ""n"": 1}",42,
2026-07-28T23:44:13+00:00,5_balanceo,balanceo,LogisticRegression,v06_seleccionado,"{""f1"": 0.89964, ""mcc"": 0.84506, ""recall"": 0.90715}","{""esquema"": ""sin_balanceo""}",42,
2026-07-28T23:44:13+00:00,5_balanceo,balanceo,LogisticRegression,v06_seleccionado,"{""f1"": 0.89372, ""mcc"": 0.83469, ""recall"": 0.94191}","{""esquema"": ""balanced""}",42,
2026-07-28T23:44:13+00:00,5_balanceo,balanceo,LogisticRegression,v06_seleccionado,"{""f1"": 0.89216, ""mcc"": 0.8323, ""recall"": 0.94433}","{""esquema"": ""peso_2:1""}",42,
2026-07-28T23:44:13+00:00,5_balanceo,balanceo,LogisticRegression,v06_seleccionado,"{""f1"": 0.88823, ""mcc"": 0.82684, ""recall"": 0.95933}","{""esquema"": ""peso_3:1""}",42,
2026-07-28T23:44:13+00:00,5_balanceo,balanceo,LogisticRegression,v06_seleccionado,"{""f1"": 0.89381, ""mcc"": 0.8348, ""recall"": 0.93974}","{""esquema"": ""SMOTE""}",42,
2026-07-28T23:44:13+00:00,5_balanceo,balanceo,LogisticRegression,v06_seleccionado,"{""f1"": 0.88255, ""mcc"": 0.81842, ""recall"": 0.96413}","{""esquema"": ""BorderlineSMOTE""}",42,
2026-07-28T23:44:13+00:00,5_balanceo,balanceo,LogisticRegression,v06_seleccionado,"{""f1"": 0.88406, ""mcc"": 0.82072, ""recall"": 0.96368}","{""esquema"": ""ADASYN""}",42,
2026-07-28T23:44:13+00:00,5_balanceo,balanceo,LogisticRegression,v06_seleccionado,"{""f1"": 0.89336, ""mcc"": 0.83412, ""recall"": 0.94146}","{""esquema"": ""RandomOver""}",42,
2026-07-28T23:44:13+00:00,5_balanceo,balanceo,LogisticRegression,v06_seleccionado,"{""f1"": 0.89337, ""mcc"": 0.83414, ""recall"": 0.94175}","{""esquema"": ""RandomUnder""}",42,
2026-07-28T23:44:13+00:00,5_balanceo,balanceo,LogisticRegression,v06_seleccionado,"{""f1"": 0.89999, ""mcc"": 0.84534, ""recall"": 0.91141}","{""esquema"": ""TomekLinks""}",42,
2026-07-28T23:44:13+00:00,5_balanceo,balanceo,LogisticRegression,v06_seleccionado,"{""f1"": 0.89866, ""mcc"": 0.84241, ""recall"": 0.93605}","{""esquema"": ""ENN""}",42,
2026-07-28T23:44:13+00:00,5_balanceo,balanceo,LogisticRegression,v06_seleccionado,"{""f1"": 0.88206, ""mcc"": 0.81619, ""recall"": 0.93076}","{""esquema"": ""NearMiss-1""}",42,
2026-07-28T23:44:13+00:00,5_balanceo,balanceo,LogisticRegression,v06_seleccionado,"{""f1"": 0.89453, ""mcc"": 0.83592, ""recall"": 0.9392}","{""esquema"": ""SMOTETomek""}",42,
2026-07-28T23:44:13+00:00,5_balanceo,balanceo,LogisticRegression,v06_seleccionado,"{""f1"": 0.89728, ""mcc"": 0.84032, ""recall"": 0.92756}","{""esquema"": ""SMOTEENN""}",42,
2026-07-28T23:44:15+00:00,7_optimizacion,estrategia_busqueda,LightGBM,,"{""f1"": 0.9506}","{""estrategia"": ""Rejilla"", ""evaluaciones"": 16}",42,
2026-07-28T23:44:15+00:00,7_optimizacion,estrategia_busqueda,LightGBM,,"{""f1"": 0.9501}","{""estrategia"": ""Aleatoria"", ""evaluaciones"": 30}",42,
2026-07-28T23:44:15+00:00,7_optimizacion,estrategia_busqueda,LightGBM,,"{""f1"": 0.9513}","{""estrategia"": ""Bayesiana (Optuna/TPE)"", ""evaluaciones"": 30}",42,
2026-07-28T23:44:15+00:00,7_optimizacion,optuna_tpe,XGBoost,v06_seleccionado_arbol,{},"{""n_estimators"": 596, ""max_depth"": 6, ""learning_rate"": 0.06077933753233006, ""subsample"": 0.7239015604990822, ""colsample_bytree"": 0.7066152446998185, ""min_child_weight"": 1, ""reg_lambda"": 0.03917832303073568}",42,
2026-07-28T23:44:15+00:00,7_optimizacion,optuna_tpe,LightGBM,v06_seleccionado_arbol,{},"{""n_estimators"": 355, ""num_leaves"": 118, ""max_depth"": 11, ""learning_rate"": 0.10054871218671431, ""subsample"": 0.7061583976302458, ""colsample_bytree"": 0.9437884106748379, ""reg_lambda"": 3.2161320271888854, ""min_child_samples"": 6}",42,
2026-07-28T23:44:15+00:00,7_optimizacion,optuna_tpe,RandomForest,v06_seleccionado_arbol,{},"{""n_estimators"": 252, ""max_depth"": 26, ""max_features"": 0.7027868748116165, ""min_samples_split"": 3, ""min_samples_leaf"": 1}",42,
2026-07-28T23:44:16+00:00,7_optimizacion,cv_anidada,LightGBM,v06_seleccionado_arbol,"{""f1_anidada"": 0.9608}",{},42,
2026-07-28T23:44:18+00:00,8_evaluacion,test_reservado,LightGBM,test reservado,"{""accuracy"": 0.9732, ""balanced_accuracy"": 0.9705, ""precision"": 0.9615, ""recall"": 0.9618, ""especificidad"": 0.9793, ""f1"": 0.9616, ""mcc"": 0.941, ""roc_auc"": 0.9956, ""pr_auc"": 0.9924, ""brier"": 0.0207}","{""n_estimators"": 355, ""num_leaves"": 118, ""max_depth"": 11, ""learning_rate"": 0.10054871218671431, ""subsample"": 0.7061583976302458, ""colsample_bytree"": 0.9437884106748379, ""reg_lambda"": 3.2161320271888854, ""min_child_samples"": 6}",42,
2026-07-28T23:44:31+00:00,10_robustez,fuera_de_distribucion,LightGBM,,"{""f1_ood"": 0.7976, ""caida_f1"": 0.164}",{},42,
2026-09-13T09:34:10+00:00,2_preprocesamiento,imputacion,LogisticRegression,train con NaN,"{""f1"": 0.88453, ""mcc"": 0.82212}","{""imputador"": ""media""}",42,
2026-09-13T09:34:10+00:00,2_preprocesamiento,imputacion,LogisticRegression,train con NaN,"{""f1"": 0.88378, ""mcc"": 0.82079}","{""imputador"": ""mediana""}",42,
2026-09-13T09:34:10+00:00,2_preprocesamiento,imputacion,LogisticRegression,train con NaN,"{""f1"": 0.88183, ""mcc"": 0.81757}","{""imputador"": ""moda""}",42,
2026-09-13T09:34:10+00:00,2_preprocesamiento,imputacion,LogisticRegression,train con NaN,"{""f1"": 0.90473, ""mcc"": 0.85279}","{""imputador"": ""constante_-1""}",42,
2026-09-13T09:34:10+00:00,2_preprocesamiento,imputacion,LogisticRegression,train con NaN,"{""f1"": 0.90569, ""mcc"": 0.85446}","{""imputador"": ""mediana+indicador""}",42,
2026-09-13T09:34:10+00:00,2_preprocesamiento,imputacion,LogisticRegression,train con NaN,"{""f1"": 0.90567, ""mcc"": 0.85443}","{""imputador"": ""media+indicador""}",42,
2026-09-13T09:34:10+00:00,2_preprocesamiento,imputacion,LogisticRegression,train con NaN,"{""f1"": 0.88827, ""mcc"": 0.82841}","{""imputador"": ""mediana_ref""}",42,
2026-09-13T09:34:10+00:00,2_preprocesamiento,imputacion,LogisticRegression,train con NaN,"{""f1"": 0.89486, ""mcc"": 0.8382}","{""imputador"": ""knn_k5""}",42,
2026-09-13T09:34:10+00:00,2_preprocesamiento,imputacion,LogisticRegression,train con NaN,"{""f1"": 0.88477, ""mcc"": 0.82337}","{""imputador"": ""mice""}",42,
2026-09-13T09:34:54+00:00,2_preprocesamiento,escalado,LogisticRegression,v04_imputado,"{""f1"": 0.87052, ""mcc"": 0.79965}","{""escalador"": ""sin_escalar""}",42,
2026-09-13T09:34:54+00:00,2_preprocesamiento,escalado,LogisticRegression,v04_imputado,"{""f1"": 0.90577, ""mcc"": 0.85458}","{""escalador"": ""StandardScaler""}",42,
2026-09-13T09:34:54+00:00,2_preprocesamiento,escalado,LogisticRegression,v04_imputado,"{""f1"": 0.89932, ""mcc"": 0.84398}","{""escalador"": ""MinMaxScaler""}",42,
2026-09-13T09:34:54+00:00,2_preprocesamiento,escalado,LogisticRegression,v04_imputado,"{""f1"": 0.9058, ""mcc"": 0.85463}","{""escalador"": ""RobustScaler""}",42,
2026-09-13T09:34:54+00:00,2_preprocesamiento,escalado,LogisticRegression,v04_imputado,"{""f1"": 0.89937, ""mcc"": 0.84405}","{""escalador"": ""MaxAbsScaler""}",42,
2026-09-13T09:34:54+00:00,2_preprocesamiento,escalado,LogisticRegression,v04_imputado,"{""f1"": 0.90364, ""mcc"": 0.85135}","{""escalador"": ""PowerTransformer(YJ)""}",42,
2026-09-13T09:35:17+00:00,3_seleccion,seleccion_variables,LogisticRegression,v05_escalado,"{""f1"": 0.90575, ""mcc"": 0.85456}","{""subconjunto"": ""full"", ""n"": 177}",42,
2026-09-13T09:35:17+00:00,3_seleccion,seleccion_variables,LogisticRegression,v05_escalado,"{""f1"": 0.89959, ""mcc"": 0.84499}","{""subconjunto"": ""variance"", ""n"": 109}",42,
2026-09-13T09:35:17+00:00,3_seleccion,seleccion_variables,LogisticRegression,v05_escalado,"{""f1"": 0.89964, ""mcc"": 0.84506}","{""subconjunto"": ""filter_corr"", ""n"": 54}",42,
2026-09-13T09:35:17+00:00,3_seleccion,seleccion_variables,LogisticRegression,v05_escalado,"{""f1"": 0.8997, ""mcc"": 0.84515}","{""subconjunto"": ""embedded_l1"", ""n"": 59}",42,
2026-09-13T09:35:17+00:00,3_seleccion,seleccion_variables,LogisticRegression,v05_escalado,"{""f1"": 0.86844, ""mcc"": 0.79626}","{""subconjunto"": ""embedded_tree"", ""n"": 55}",42,
2026-09-13T09:35:17+00:00,3_seleccion,seleccion_variables,LogisticRegression,v05_escalado,"{""f1"": 0.89959, ""mcc"": 0.84499}","{""subconjunto"": ""wrapper"", ""n"": 109}",42,
2026-09-13T09:35:23+00:00,4_reduccion,representacion,LogisticRegression,,"{""f1"": 0.90575, ""mcc"": 0.85456}","{""representacion"": ""completa (177)"", ""n"": 177}",42,
2026-09-13T09:35:23+00:00,4_reduccion,representacion,LogisticRegression,,"{""f1"": 0.89964, ""mcc"": 0.84506}","{""representacion"": ""selecci\u00f3n (54)"", ""n"": 54}",42,
2026-09-13T09:35:23+00:00,4_reduccion,representacion,LogisticRegression,,"{""f1"": 0.8793, ""mcc"": 0.81337}","{""representacion"": ""PCA (48)"", ""n"": 48}",42,
2026-09-13T09:35:23+00:00,4_reduccion,representacion,LogisticRegression,,"{""f1"": 0.89997, ""mcc"": 0.84472}","{""representacion"": ""LDA (1)"", ""n"": 1}",42,
2026-09-13T09:37:42+00:00,5_balanceo,balanceo,LogisticRegression,v06_seleccionado,"{""f1"": 0.89964, ""mcc"": 0.84506, ""recall"": 0.90715}","{""esquema"": ""sin_balanceo""}",42,
2026-09-13T09:37:42+00:00,5_balanceo,balanceo,LogisticRegression,v06_seleccionado,"{""f1"": 0.89372, ""mcc"": 0.83469, ""recall"": 0.94191}","{""esquema"": ""balanced""}",42,
2026-09-13T09:37:42+00:00,5_balanceo,balanceo,LogisticRegression,v06_seleccionado,"{""f1"": 0.89216, ""mcc"": 0.8323, ""recall"": 0.94433}","{""esquema"": ""peso_2:1""}",42,
2026-09-13T09:37:42+00:00,5_balanceo,balanceo,LogisticRegression,v06_seleccionado,"{""f1"": 0.88823, ""mcc"": 0.82684, ""recall"": 0.95933}","{""esquema"": ""peso_3:1""}",42,
2026-09-13T09:37:42+00:00,5_balanceo,balanceo,LogisticRegression,v06_seleccionado,"{""f1"": 0.89379, ""mcc"": 0.83477, ""recall"": 0.9397}","{""esquema"": ""SMOTE""}",42,
2026-09-13T09:37:42+00:00,5_balanceo,balanceo,LogisticRegression,v06_seleccionado,"{""f1"": 0.88262, ""mcc"": 0.81854, ""recall"": 0.96417}","{""esquema"": ""BorderlineSMOTE""}",42,
2026-09-13T09:37:42+00:00,5_balanceo,balanceo,LogisticRegression,v06_seleccionado,"{""f1"": 0.88401, ""mcc"": 0.82063, ""recall"": 0.96351}","{""esquema"": ""ADASYN""}",42,
2026-09-13T09:37:42+00:00,5_balanceo,balanceo,LogisticRegression,v06_seleccionado,"{""f1"": 0.89336, ""mcc"": 0.83412, ""recall"": 0.94146}","{""esquema"": ""RandomOver""}",42,
2026-09-13T09:37:42+00:00,5_balanceo,balanceo,LogisticRegression,v06_seleccionado,"{""f1"": 0.89337, ""mcc"": 0.83414, ""recall"": 0.94175}","{""esquema"": ""RandomUnder""}",42,
2026-09-13T09:37:42+00:00,5_balanceo,balanceo,LogisticRegression,v06_seleccionado,"{""f1"": 0.89999, ""mcc"": 0.84534, ""recall"": 0.91141}","{""esquema"": ""TomekLinks""}",42,
2026-09-13T09:37:42+00:00,5_balanceo,balanceo,LogisticRegression,v06_seleccionado,"{""f1"": 0.89866, ""mcc"": 0.84241, ""recall"": 0.93605}","{""esquema"": ""ENN""}",42,
2026-09-13T09:37:42+00:00,5_balanceo,balanceo,LogisticRegression,v06_seleccionado,"{""f1"": 0.88206, ""mcc"": 0.81619, ""recall"": 0.93076}","{""esquema"": ""NearMiss-1""}",42,
2026-09-13T09:37:42+00:00,5_balanceo,balanceo,LogisticRegression,v06_seleccionado,"{""f1"": 0.89451, ""mcc"": 0.83589, ""recall"": 0.9392}","{""esquema"": ""SMOTETomek""}",42,
2026-09-13T09:37:42+00:00,5_balanceo,balanceo,LogisticRegression,v06_seleccionado,"{""f1"": 0.89718, ""mcc"": 0.84017, ""recall"": 0.92748}","{""esquema"": ""SMOTEENN""}",42,
2026-09-13T09:37:43+00:00,6_modelos,escalados,Dummy(mayoritaria),v06_seleccionado,"{""accuracy_mean"": 0.65031, ""balanced_accuracy_mean"": 0.5, ""precision_mean"": 0.0, ""recall_mean"": 0.0, ""f1_mean"": 0.0, ""mcc_mean"": 0.0, ""roc_auc_mean"": 0.5, ""average_precision_mean"": 0.34969}",{},42,
2026-09-13T09:37:43+00:00,6_modelos,escalados,Dummy(estratificada),v06_seleccionado,"{""accuracy_mean"": 0.54429, ""balanced_accuracy_mean"": 0.49664, ""precision_mean"": 0.34522, ""recall_mean"": 0.33813, ""f1_mean"": 0.34164, ""mcc_mean"": -0.00676, ""roc_auc_mean"": 0.49664, ""average_precision_mean"": 0.34818}",{},42,
2026-09-13T09:37:44+00:00,6_modelos,escalados,LogisticRegression,v06_seleccionado,"{""accuracy_mean"": 0.92923, ""balanced_accuracy_mean"": 0.92412, ""precision_mean"": 0.89227, ""recall_mean"": 0.90715, ""f1_mean"": 0.89964, ""mcc_mean"": 0.84506, ""roc_auc_mean"": 0.97915, ""average_precision_mean"": 0.96169}",{},42,
2026-09-13T09:37:44+00:00,6_modelos,escalados,SGD(log_loss),v06_seleccionado,"{""accuracy_mean"": 0.92768, ""balanced_accuracy_mean"": 0.92152, ""precision_mean"": 0.89317, ""recall_mean"": 0.90104, ""f1_mean"": 0.89704, ""mcc_mean"": 0.84138, ""roc_auc_mean"": 0.97803, ""average_precision_mean"": 0.95952}",{},42,
2026-09-13T09:37:45+00:00,6_modelos,escalados,LDA,v06_seleccionado,"{""accuracy_mean"": 0.9108, ""balanced_accuracy_mean"": 0.91926, ""precision_mean"": 0.82393, ""recall_mean"": 0.9474, ""f1_mean"": 0.88136, ""mcc_mean"": 0.81554, ""roc_auc_mean"": 0.97627, ""average_precision_mean"": 0.9565}",{},42,
2026-09-13T09:37:47+00:00,6_modelos,escalados,LinearSVC,v06_seleccionado,"{""accuracy_mean"": 0.92915, ""balanced_accuracy_mean"": 0.9255, ""precision_mean"": 0.88738, ""recall_mean"": 0.91334, ""f1_mean"": 0.90017, ""mcc_mean"": 0.8455, ""roc_auc_mean"": 0.97911, ""average_precision_mean"": 0.96156}",{},42,
2026-09-13T09:37:52+00:00,6_modelos,escalados,SVM-RBF(Nystroem),v06_seleccionado,"{""accuracy_mean"": 0.94155, ""balanced_accuracy_mean"": 0.93765, ""precision_mean"": 0.90981, ""recall_mean"": 0.92465, ""f1_mean"": 0.91714, ""mcc_mean"": 0.8721, ""roc_auc_mean"": 0.98626, ""average_precision_mean"": 0.97487}",{},42,
2026-09-13T09:38:00+00:00,6_modelos,escalados,kNN(k=5),v06_seleccionado,"{""accuracy_mean"": 0.95083, ""balanced_accuracy_mean"": 0.94385, ""precision_mean"": 0.93764, ""recall_mean"": 0.92063, ""f1_mean"": 0.92905, ""mcc_mean"": 0.89153, ""roc_auc_mean"": 0.98049, ""average_precision_mean"": 0.96079}",{},42,
2026-09-13T09:38:07+00:00,6_modelos,escalados,kNN(k=15),v06_seleccionado,"{""accuracy_mean"": 0.94499, ""balanced_accuracy_mean"": 0.93655, ""precision_mean"": 0.93253, ""recall_mean"": 0.90846, ""f1_mean"": 0.92033, ""mcc_mean"": 0.87852, ""roc_auc_mean"": 0.98539, ""average_precision_mean"": 0.97218}",{},42,
2026-09-13T09:38:08+00:00,6_modelos,escalados,GaussianNB,v06_seleccionado,"{""accuracy_mean"": 0.77455, ""balanced_accuracy_mean"": 0.6898, ""precision_mean"": 0.8859, ""recall_mean"": 0.4079, ""f1_mean"": 0.55844, ""mcc_mean"": 0.4925, ""roc_auc_mean"": 0.94715, ""average_precision_mean"": 0.86468}",{},42,
2026-09-13T09:38:18+00:00,6_modelos,escalados,MLP(100),v06_seleccionado,"{""accuracy_mean"": 0.96056, ""balanced_accuracy_mean"": 0.9556, ""precision_mean"": 0.94778, ""recall_mean"": 0.93908, ""f1_mean"": 0.94337, ""mcc_mean"": 0.91319, ""roc_auc_mean"": 0.99187, ""average_precision_mean"": 0.98551}",{},42,
2026-09-13T09:38:24+00:00,6_modelos,escalados,"MLP(64,32)",v06_seleccionado,"{""accuracy_mean"": 0.96185, ""balanced_accuracy_mean"": 0.95727, ""precision_mean"": 0.94855, ""recall_mean"": 0.94203, ""f1_mean"": 0.94527, ""mcc_mean"": 0.91602, ""roc_auc_mean"": 0.99212, ""average_precision_mean"": 0.98626}",{},42,
2026-09-13T09:38:25+00:00,6_modelos,arboles,DecisionTree,v06_seleccionado_arbol,"{""accuracy_mean"": 0.95208, ""balanced_accuracy_mean"": 0.9473, ""precision_mean"": 0.93153, ""recall_mean"": 0.93141, ""f1_mean"": 0.93147, ""mcc_mean"": 0.89463, ""roc_auc_mean"": 0.9473, ""average_precision_mean"": 0.89163}",{},42,
2026-09-13T09:38:33+00:00,6_modelos,arboles,RandomForest,v06_seleccionado_arbol,"{""accuracy_mean"": 0.96965, ""balanced_accuracy_mean"": 0.96766, ""precision_mean"": 0.95263, ""recall_mean"": 0.96101, ""f1_mean"": 0.9568, ""mcc_mean"": 0.93344, ""roc_auc_mean"": 0.9951, ""average_precision_mean"": 0.9915}",{},42,
2026-09-13T09:38:41+00:00,6_modelos,arboles,ExtraTrees,v06_seleccionado_arbol,"{""accuracy_mean"": 0.96904, ""balanced_accuracy_mean"": 0.96657, ""precision_mean"": 0.95331, ""recall_mean"": 0.95839, ""f1_mean"": 0.95584, ""mcc_mean"": 0.93201, ""roc_auc_mean"": 0.99483, ""average_precision_mean"": 0.99139}",{},42,
2026-09-13T09:38:43+00:00,6_modelos,arboles,HistGradientBoosting,v06_seleccionado_arbol,"{""accuracy_mean"": 0.96587, ""balanced_accuracy_mean"": 0.96292, ""precision_mean"": 0.94949, ""recall_mean"": 0.9531, ""f1_mean"": 0.95129, ""mcc_mean"": 0.92503, ""roc_auc_mean"": 0.99419, ""average_precision_mean"": 0.98978}",{},42,
2026-09-13T09:38:46+00:00,6_modelos,arboles,XGBoost,v06_seleccionado_arbol,"{""accuracy_mean"": 0.97209, ""balanced_accuracy_mean"": 0.96917, ""precision_mean"": 0.96069, ""recall_mean"": 0.95946, ""f1_mean"": 0.96007, ""mcc_mean"": 0.93862, ""roc_auc_mean"": 0.99539, ""average_precision_mean"": 0.99199}",{},42,
2026-09-13T09:38:48+00:00,6_modelos,arboles,LightGBM,v06_seleccionado_arbol,"{""accuracy_mean"": 0.97055, ""balanced_accuracy_mean"": 0.96762, ""precision_mean"": 0.95794, ""recall_mean"": 0.95786, ""f1_mean"": 0.9579, ""mcc_mean"": 0.93526, ""roc_auc_mean"": 0.99544, ""average_precision_mean"": 0.99206}",{},42,
2026-09-13T09:38:58+00:00,6_modelos,arboles,CatBoost,v06_seleccionado_arbol,"{""accuracy_mean"": 0.96868, ""balanced_accuracy_mean"": 0.96567, ""precision_mean"": 0.9548, ""recall_mean"": 0.95568, ""f1_mean"": 0.95524, ""mcc_mean"": 0.93115, ""roc_auc_mean"": 0.99496, ""average_precision_mean"": 0.9911}",{},42,
2026-09-13T09:40:28+00:00,7_optimizacion,estrategia_busqueda,LightGBM,,"{""f1"": 0.9506}","{""estrategia"": ""Rejilla"", ""evaluaciones"": 16}",42,
2026-09-13T09:40:28+00:00,7_optimizacion,estrategia_busqueda,LightGBM,,"{""f1"": 0.9501}","{""estrategia"": ""Aleatoria"", ""evaluaciones"": 30}",42,
2026-09-13T09:40:28+00:00,7_optimizacion,estrategia_busqueda,LightGBM,,"{""f1"": 0.9513}","{""estrategia"": ""Bayesiana (Optuna/TPE)"", ""evaluaciones"": 30}",42,
2026-09-13T09:43:20+00:00,7_optimizacion,optuna_tpe,XGBoost,v06_seleccionado_arbol,{},"{""n_estimators"": 596, ""max_depth"": 6, ""learning_rate"": 0.06077933753233006, ""subsample"": 0.7239015604990822, ""colsample_bytree"": 0.7066152446998185, ""min_child_weight"": 1, ""reg_lambda"": 0.03917832303073568}",42,
2026-09-13T09:43:20+00:00,7_optimizacion,optuna_tpe,LightGBM,v06_seleccionado_arbol,{},"{""n_estimators"": 355, ""num_leaves"": 118, ""max_depth"": 11, ""learning_rate"": 0.10054871218671431, ""subsample"": 0.7061583976302458, ""colsample_bytree"": 0.9437884106748379, ""reg_lambda"": 3.2161320271888854, ""min_child_samples"": 6}",42,
2026-09-13T09:43:20+00:00,7_optimizacion,optuna_tpe,RandomForest,v06_seleccionado_arbol,{},"{""n_estimators"": 252, ""max_depth"": 26, ""max_features"": 0.7027868748116165, ""min_samples_split"": 3, ""min_samples_leaf"": 1}",42,
2026-09-13T09:49:14+00:00,7_optimizacion,cv_anidada,LightGBM,v06_seleccionado_arbol,"{""f1_anidada"": 0.9608}",{},42,
2026-09-13T09:51:31+00:00,8_evaluacion,test_reservado,LightGBM,test reservado,"{""accuracy"": 0.9732, ""balanced_accuracy"": 0.9705, ""precision"": 0.9615, ""recall"": 0.9618, ""especificidad"": 0.9793, ""f1"": 0.9616, ""mcc"": 0.941, ""roc_auc"": 0.9956, ""pr_auc"": 0.9924, ""brier"": 0.0207}","{""n_estimators"": 355, ""num_leaves"": 118, ""max_depth"": 11, ""learning_rate"": 0.10054871218671431, ""subsample"": 0.7061583976302458, ""colsample_bytree"": 0.9437884106748379, ""reg_lambda"": 3.2161320271888854, ""min_child_samples"": 6}",42,
2026-09-13T09:56:28+00:00,10_robustez,fuera_de_distribucion,LightGBM,,"{""f1_ood"": 0.7976, ""caida_f1"": 0.164}",{},42,
2026-09-13T09:57:27+00:00,2_preprocesamiento,imputacion,LogisticRegression,train con NaN,"{""f1"": 0.88453, ""mcc"": 0.82212}","{""imputador"": ""media""}",42,
2026-09-13T09:57:27+00:00,2_preprocesamiento,imputacion,LogisticRegression,train con NaN,"{""f1"": 0.88378, ""mcc"": 0.82079}","{""imputador"": ""mediana""}",42,
2026-09-13T09:57:27+00:00,2_preprocesamiento,imputacion,LogisticRegression,train con NaN,"{""f1"": 0.88183, ""mcc"": 0.81757}","{""imputador"": ""moda""}",42,
2026-09-13T09:57:27+00:00,2_preprocesamiento,imputacion,LogisticRegression,train con NaN,"{""f1"": 0.90473, ""mcc"": 0.85279}","{""imputador"": ""constante_-1""}",42,
2026-09-13T09:57:27+00:00,2_preprocesamiento,imputacion,LogisticRegression,train con NaN,"{""f1"": 0.90569, ""mcc"": 0.85446}","{""imputador"": ""mediana+indicador""}",42,
2026-09-13T09:57:27+00:00,2_preprocesamiento,imputacion,LogisticRegression,train con NaN,"{""f1"": 0.90567, ""mcc"": 0.85443}","{""imputador"": ""media+indicador""}",42,
2026-09-13T09:57:27+00:00,2_preprocesamiento,imputacion,LogisticRegression,train con NaN,"{""f1"": 0.88827, ""mcc"": 0.82841}","{""imputador"": ""mediana_ref""}",42,
2026-09-13T09:57:27+00:00,2_preprocesamiento,imputacion,LogisticRegression,train con NaN,"{""f1"": 0.89486, ""mcc"": 0.8382}","{""imputador"": ""knn_k5""}",42,
2026-09-13T09:57:27+00:00,2_preprocesamiento,imputacion,LogisticRegression,train con NaN,"{""f1"": 0.88477, ""mcc"": 0.82337}","{""imputador"": ""mice""}",42,
2026-09-13T09:57:28+00:00,2_preprocesamiento,escalado,LogisticRegression,v04_imputado,"{""f1"": 0.87052, ""mcc"": 0.79965}","{""escalador"": ""sin_escalar""}",42,
2026-09-13T09:57:28+00:00,2_preprocesamiento,escalado,LogisticRegression,v04_imputado,"{""f1"": 0.90577, ""mcc"": 0.85458}","{""escalador"": ""StandardScaler""}",42,
2026-09-13T09:57:28+00:00,2_preprocesamiento,escalado,LogisticRegression,v04_imputado,"{""f1"": 0.89932, ""mcc"": 0.84398}","{""escalador"": ""MinMaxScaler""}",42,
2026-09-13T09:57:28+00:00,2_preprocesamiento,escalado,LogisticRegression,v04_imputado,"{""f1"": 0.9058, ""mcc"": 0.85463}","{""escalador"": ""RobustScaler""}",42,
2026-09-13T09:57:28+00:00,2_preprocesamiento,escalado,LogisticRegression,v04_imputado,"{""f1"": 0.89937, ""mcc"": 0.84405}","{""escalador"": ""MaxAbsScaler""}",42,
2026-09-13T09:57:28+00:00,2_preprocesamiento,escalado,LogisticRegression,v04_imputado,"{""f1"": 0.90364, ""mcc"": 0.85135}","{""escalador"": ""PowerTransformer(YJ)""}",42,
2026-09-13T09:57:28+00:00,3_seleccion,seleccion_variables,LogisticRegression,v05_escalado,"{""f1"": 0.90575, ""mcc"": 0.85456}","{""subconjunto"": ""full"", ""n"": 177}",42,
2026-09-13T09:57:28+00:00,3_seleccion,seleccion_variables,LogisticRegression,v05_escalado,"{""f1"": 0.89959, ""mcc"": 0.84499}","{""subconjunto"": ""variance"", ""n"": 109}",42,
2026-09-13T09:57:28+00:00,3_seleccion,seleccion_variables,LogisticRegression,v05_escalado,"{""f1"": 0.89964, ""mcc"": 0.84506}","{""subconjunto"": ""filter_corr"", ""n"": 54}",42,
2026-09-13T09:57:28+00:00,3_seleccion,seleccion_variables,LogisticRegression,v05_escalado,"{""f1"": 0.8997, ""mcc"": 0.84515}","{""subconjunto"": ""embedded_l1"", ""n"": 59}",42,
2026-09-13T09:57:28+00:00,3_seleccion,seleccion_variables,LogisticRegression,v05_escalado,"{""f1"": 0.86844, ""mcc"": 0.79626}","{""subconjunto"": ""embedded_tree"", ""n"": 55}",42,
2026-09-13T09:57:28+00:00,3_seleccion,seleccion_variables,LogisticRegression,v05_escalado,"{""f1"": 0.89959, ""mcc"": 0.84499}","{""subconjunto"": ""wrapper"", ""n"": 109}",42,
2026-09-13T09:57:28+00:00,4_reduccion,representacion,LogisticRegression,,"{""f1"": 0.90575, ""mcc"": 0.85456}","{""representacion"": ""completa (177)"", ""n"": 177}",42,
2026-09-13T09:57:28+00:00,4_reduccion,representacion,LogisticRegression,,"{""f1"": 0.89964, ""mcc"": 0.84506}","{""representacion"": ""selecci\u00f3n (54)"", ""n"": 54}",42,
2026-09-13T09:57:28+00:00,4_reduccion,representacion,LogisticRegression,,"{""f1"": 0.8793, ""mcc"": 0.81337}","{""representacion"": ""PCA (48)"", ""n"": 48}",42,
2026-09-13T09:57:28+00:00,4_reduccion,representacion,LogisticRegression,,"{""f1"": 0.89997, ""mcc"": 0.84472}","{""representacion"": ""LDA (1)"", ""n"": 1}",42,
2026-09-13T09:57:29+00:00,5_balanceo,balanceo,LogisticRegression,v06_seleccionado,"{""f1"": 0.89964, ""mcc"": 0.84506, ""recall"": 0.90715}","{""esquema"": ""sin_balanceo""}",42,
2026-09-13T09:57:29+00:00,5_balanceo,balanceo,LogisticRegression,v06_seleccionado,"{""f1"": 0.89372, ""mcc"": 0.83469, ""recall"": 0.94191}","{""esquema"": ""balanced""}",42,
2026-09-13T09:57:29+00:00,5_balanceo,balanceo,LogisticRegression,v06_seleccionado,"{""f1"": 0.89216, ""mcc"": 0.8323, ""recall"": 0.94433}","{""esquema"": ""peso_2:1""}",42,
2026-09-13T09:57:29+00:00,5_balanceo,balanceo,LogisticRegression,v06_seleccionado,"{""f1"": 0.88823, ""mcc"": 0.82684, ""recall"": 0.95933}","{""esquema"": ""peso_3:1""}",42,
2026-09-13T09:57:29+00:00,5_balanceo,balanceo,LogisticRegression,v06_seleccionado,"{""f1"": 0.89379, ""mcc"": 0.83477, ""recall"": 0.9397}","{""esquema"": ""SMOTE""}",42,
2026-09-13T09:57:29+00:00,5_balanceo,balanceo,LogisticRegression,v06_seleccionado,"{""f1"": 0.88262, ""mcc"": 0.81854, ""recall"": 0.96417}","{""esquema"": ""BorderlineSMOTE""}",42,
2026-09-13T09:57:29+00:00,5_balanceo,balanceo,LogisticRegression,v06_seleccionado,"{""f1"": 0.88401, ""mcc"": 0.82063, ""recall"": 0.96351}","{""esquema"": ""ADASYN""}",42,
2026-09-13T09:57:29+00:00,5_balanceo,balanceo,LogisticRegression,v06_seleccionado,"{""f1"": 0.89336, ""mcc"": 0.83412, ""recall"": 0.94146}","{""esquema"": ""RandomOver""}",42,
2026-09-13T09:57:29+00:00,5_balanceo,balanceo,LogisticRegression,v06_seleccionado,"{""f1"": 0.89337, ""mcc"": 0.83414, ""recall"": 0.94175}","{""esquema"": ""RandomUnder""}",42,
2026-09-13T09:57:29+00:00,5_balanceo,balanceo,LogisticRegression,v06_seleccionado,"{""f1"": 0.89999, ""mcc"": 0.84534, ""recall"": 0.91141}","{""esquema"": ""TomekLinks""}",42,
2026-09-13T09:57:29+00:00,5_balanceo,balanceo,LogisticRegression,v06_seleccionado,"{""f1"": 0.89866, ""mcc"": 0.84241, ""recall"": 0.93605}","{""esquema"": ""ENN""}",42,
2026-09-13T09:57:29+00:00,5_balanceo,balanceo,LogisticRegression,v06_seleccionado,"{""f1"": 0.88206, ""mcc"": 0.81619, ""recall"": 0.93076}","{""esquema"": ""NearMiss-1""}",42,
2026-09-13T09:57:29+00:00,5_balanceo,balanceo,LogisticRegression,v06_seleccionado,"{""f1"": 0.89451, ""mcc"": 0.83589, ""recall"": 0.9392}","{""esquema"": ""SMOTETomek""}",42,
2026-09-13T09:57:29+00:00,5_balanceo,balanceo,LogisticRegression,v06_seleccionado,"{""f1"": 0.89718, ""mcc"": 0.84017, ""recall"": 0.92748}","{""esquema"": ""SMOTEENN""}",42,
2026-09-13T09:57:30+00:00,7_optimizacion,estrategia_busqueda,LightGBM,,"{""f1"": 0.9506}","{""estrategia"": ""Rejilla"", ""evaluaciones"": 16}",42,
2026-09-13T09:57:30+00:00,7_optimizacion,estrategia_busqueda,LightGBM,,"{""f1"": 0.9501}","{""estrategia"": ""Aleatoria"", ""evaluaciones"": 30}",42,
2026-09-13T09:57:30+00:00,7_optimizacion,estrategia_busqueda,LightGBM,,"{""f1"": 0.9513}","{""estrategia"": ""Bayesiana (Optuna/TPE)"", ""evaluaciones"": 30}",42,
2026-09-13T09:57:30+00:00,7_optimizacion,optuna_tpe,XGBoost,v06_seleccionado_arbol,{},"{""n_estimators"": 596, ""max_depth"": 6, ""learning_rate"": 0.06077933753233006, ""subsample"": 0.7239015604990822, ""colsample_bytree"": 0.7066152446998185, ""min_child_weight"": 1, ""reg_lambda"": 0.03917832303073568}",42,
2026-09-13T09:57:30+00:00,7_optimizacion,optuna_tpe,LightGBM,v06_seleccionado_arbol,{},"{""n_estimators"": 355, ""num_leaves"": 118, ""max_depth"": 11, ""learning_rate"": 0.10054871218671431, ""subsample"": 0.7061583976302458, ""colsample_bytree"": 0.9437884106748379, ""reg_lambda"": 3.2161320271888854, ""min_child_samples"": 6}",42,
2026-09-13T09:57:30+00:00,7_optimizacion,optuna_tpe,RandomForest,v06_seleccionado_arbol,{},"{""n_estimators"": 252, ""max_depth"": 26, ""max_features"": 0.7027868748116165, ""min_samples_split"": 3, ""min_samples_leaf"": 1}",42,
2026-09-13T09:57:31+00:00,7_optimizacion,cv_anidada,LightGBM,v06_seleccionado_arbol,"{""f1_anidada"": 0.9608}",{},42,
2026-09-13T09:57:31+00:00,8_evaluacion,test_reservado,LightGBM,test reservado,"{""accuracy"": 0.9732, ""balanced_accuracy"": 0.9705, ""precision"": 0.9615, ""recall"": 0.9618, ""especificidad"": 0.9793, ""f1"": 0.9616, ""mcc"": 0.941, ""roc_auc"": 0.9956, ""pr_auc"": 0.9924, ""brier"": 0.0207}","{""n_estimators"": 355, ""num_leaves"": 118, ""max_depth"": 11, ""learning_rate"": 0.10054871218671431, ""subsample"": 0.7061583976302458, ""colsample_bytree"": 0.9437884106748379, ""reg_lambda"": 3.2161320271888854, ""min_child_samples"": 6}",42,
2026-09-13T09:57:37+00:00,10_robustez,fuera_de_distribucion,LightGBM,,"{""f1_ood"": 0.7976, ""caida_f1"": 0.164}",{},42,
2026-09-13T10:09:13+00:00,2_preprocesamiento,imputacion,LogisticRegression,train con NaN,"{""f1"": 0.88453, ""mcc"": 0.82212}","{""imputador"": ""media""}",42,
2026-09-13T10:09:13+00:00,2_preprocesamiento,imputacion,LogisticRegression,train con NaN,"{""f1"": 0.88378, ""mcc"": 0.82079}","{""imputador"": ""mediana""}",42,
2026-09-13T10:09:13+00:00,2_preprocesamiento,imputacion,LogisticRegression,train con NaN,"{""f1"": 0.88183, ""mcc"": 0.81757}","{""imputador"": ""moda""}",42,
2026-09-13T10:09:13+00:00,2_preprocesamiento,imputacion,LogisticRegression,train con NaN,"{""f1"": 0.90473, ""mcc"": 0.85279}","{""imputador"": ""constante_-1""}",42,
2026-09-13T10:09:13+00:00,2_preprocesamiento,imputacion,LogisticRegression,train con NaN,"{""f1"": 0.90569, ""mcc"": 0.85446}","{""imputador"": ""mediana+indicador""}",42,
2026-09-13T10:09:13+00:00,2_preprocesamiento,imputacion,LogisticRegression,train con NaN,"{""f1"": 0.90567, ""mcc"": 0.85443}","{""imputador"": ""media+indicador""}",42,
2026-09-13T10:09:13+00:00,2_preprocesamiento,imputacion,LogisticRegression,train con NaN,"{""f1"": 0.88827, ""mcc"": 0.82841}","{""imputador"": ""mediana_ref""}",42,
2026-09-13T10:09:13+00:00,2_preprocesamiento,imputacion,LogisticRegression,train con NaN,"{""f1"": 0.89486, ""mcc"": 0.8382}","{""imputador"": ""knn_k5""}",42,
2026-09-13T10:09:13+00:00,2_preprocesamiento,imputacion,LogisticRegression,train con NaN,"{""f1"": 0.88477, ""mcc"": 0.82337}","{""imputador"": ""mice""}",42,
2026-09-13T10:09:13+00:00,2_preprocesamiento,escalado,LogisticRegression,v04_imputado,"{""f1"": 0.87052, ""mcc"": 0.79965}","{""escalador"": ""sin_escalar""}",42,
2026-09-13T10:09:13+00:00,2_preprocesamiento,escalado,LogisticRegression,v04_imputado,"{""f1"": 0.90577, ""mcc"": 0.85458}","{""escalador"": ""StandardScaler""}",42,
2026-09-13T10:09:13+00:00,2_preprocesamiento,escalado,LogisticRegression,v04_imputado,"{""f1"": 0.89932, ""mcc"": 0.84398}","{""escalador"": ""MinMaxScaler""}",42,
2026-09-13T10:09:13+00:00,2_preprocesamiento,escalado,LogisticRegression,v04_imputado,"{""f1"": 0.9058, ""mcc"": 0.85463}","{""escalador"": ""RobustScaler""}",42,
2026-09-13T10:09:13+00:00,2_preprocesamiento,escalado,LogisticRegression,v04_imputado,"{""f1"": 0.89937, ""mcc"": 0.84405}","{""escalador"": ""MaxAbsScaler""}",42,
2026-09-13T10:09:13+00:00,2_preprocesamiento,escalado,LogisticRegression,v04_imputado,"{""f1"": 0.90364, ""mcc"": 0.85135}","{""escalador"": ""PowerTransformer(YJ)""}",42,
2026-09-13T10:09:14+00:00,3_seleccion,seleccion_variables,LogisticRegression,v05_escalado,"{""f1"": 0.90575, ""mcc"": 0.85456}","{""subconjunto"": ""full"", ""n"": 177}",42,
2026-09-13T10:09:14+00:00,3_seleccion,seleccion_variables,LogisticRegression,v05_escalado,"{""f1"": 0.89959, ""mcc"": 0.84499}","{""subconjunto"": ""variance"", ""n"": 109}",42,
2026-09-13T10:09:14+00:00,3_seleccion,seleccion_variables,LogisticRegression,v05_escalado,"{""f1"": 0.89964, ""mcc"": 0.84506}","{""subconjunto"": ""filter_corr"", ""n"": 54}",42,
2026-09-13T10:09:14+00:00,3_seleccion,seleccion_variables,LogisticRegression,v05_escalado,"{""f1"": 0.8997, ""mcc"": 0.84515}","{""subconjunto"": ""embedded_l1"", ""n"": 59}",42,
2026-09-13T10:09:14+00:00,3_seleccion,seleccion_variables,LogisticRegression,v05_escalado,"{""f1"": 0.86844, ""mcc"": 0.79626}","{""subconjunto"": ""embedded_tree"", ""n"": 55}",42,
2026-09-13T10:09:14+00:00,3_seleccion,seleccion_variables,LogisticRegression,v05_escalado,"{""f1"": 0.89959, ""mcc"": 0.84499}","{""subconjunto"": ""wrapper"", ""n"": 109}",42,
2026-09-13T10:09:14+00:00,4_reduccion,representacion,LogisticRegression,,"{""f1"": 0.90575, ""mcc"": 0.85456}","{""representacion"": ""completa (177)"", ""n"": 177}",42,
2026-09-13T10:09:14+00:00,4_reduccion,representacion,LogisticRegression,,"{""f1"": 0.89964, ""mcc"": 0.84506}","{""representacion"": ""selecci\u00f3n (54)"", ""n"": 54}",42,
2026-09-13T10:09:14+00:00,4_reduccion,representacion,LogisticRegression,,"{""f1"": 0.8793, ""mcc"": 0.81337}","{""representacion"": ""PCA (48)"", ""n"": 48}",42,
2026-09-13T10:09:14+00:00,4_reduccion,representacion,LogisticRegression,,"{""f1"": 0.89997, ""mcc"": 0.84472}","{""representacion"": ""LDA (1)"", ""n"": 1}",42,
2026-09-13T10:09:15+00:00,5_balanceo,balanceo,LogisticRegression,v06_seleccionado,"{""f1"": 0.89964, ""mcc"": 0.84506, ""recall"": 0.90715}","{""esquema"": ""sin_balanceo""}",42,
2026-09-13T10:09:15+00:00,5_balanceo,balanceo,LogisticRegression,v06_seleccionado,"{""f1"": 0.89372, ""mcc"": 0.83469, ""recall"": 0.94191}","{""esquema"": ""balanced""}",42,
2026-09-13T10:09:15+00:00,5_balanceo,balanceo,LogisticRegression,v06_seleccionado,"{""f1"": 0.89216, ""mcc"": 0.8323, ""recall"": 0.94433}","{""esquema"": ""peso_2:1""}",42,
2026-09-13T10:09:15+00:00,5_balanceo,balanceo,LogisticRegression,v06_seleccionado,"{""f1"": 0.88823, ""mcc"": 0.82684, ""recall"": 0.95933}","{""esquema"": ""peso_3:1""}",42,
2026-09-13T10:09:15+00:00,5_balanceo,balanceo,LogisticRegression,v06_seleccionado,"{""f1"": 0.89379, ""mcc"": 0.83477, ""recall"": 0.9397}","{""esquema"": ""SMOTE""}",42,
2026-09-13T10:09:15+00:00,5_balanceo,balanceo,LogisticRegression,v06_seleccionado,"{""f1"": 0.88262, ""mcc"": 0.81854, ""recall"": 0.96417}","{""esquema"": ""BorderlineSMOTE""}",42,
2026-09-13T10:09:15+00:00,5_balanceo,balanceo,LogisticRegression,v06_seleccionado,"{""f1"": 0.88401, ""mcc"": 0.82063, ""recall"": 0.96351}","{""esquema"": ""ADASYN""}",42,
2026-09-13T10:09:15+00:00,5_balanceo,balanceo,LogisticRegression,v06_seleccionado,"{""f1"": 0.89336, ""mcc"": 0.83412, ""recall"": 0.94146}","{""esquema"": ""RandomOver""}",42,
2026-09-13T10:09:15+00:00,5_balanceo,balanceo,LogisticRegression,v06_seleccionado,"{""f1"": 0.89337, ""mcc"": 0.83414, ""recall"": 0.94175}","{""esquema"": ""RandomUnder""}",42,
2026-09-13T10:09:15+00:00,5_balanceo,balanceo,LogisticRegression,v06_seleccionado,"{""f1"": 0.89999, ""mcc"": 0.84534, ""recall"": 0.91141}","{""esquema"": ""TomekLinks""}",42,
2026-09-13T10:09:15+00:00,5_balanceo,balanceo,LogisticRegression,v06_seleccionado,"{""f1"": 0.89866, ""mcc"": 0.84241, ""recall"": 0.93605}","{""esquema"": ""ENN""}",42,
2026-09-13T10:09:15+00:00,5_balanceo,balanceo,LogisticRegression,v06_seleccionado,"{""f1"": 0.88206, ""mcc"": 0.81619, ""recall"": 0.93076}","{""esquema"": ""NearMiss-1""}",42,
2026-09-13T10:09:15+00:00,5_balanceo,balanceo,LogisticRegression,v06_seleccionado,"{""f1"": 0.89451, ""mcc"": 0.83589, ""recall"": 0.9392}","{""esquema"": ""SMOTETomek""}",42,
2026-09-13T10:09:15+00:00,5_balanceo,balanceo,LogisticRegression,v06_seleccionado,"{""f1"": 0.89718, ""mcc"": 0.84017, ""recall"": 0.92748}","{""esquema"": ""SMOTEENN""}",42,
2026-09-13T10:09:15+00:00,7_optimizacion,estrategia_busqueda,LightGBM,,"{""f1"": 0.9506}","{""estrategia"": ""Rejilla"", ""evaluaciones"": 16}",42,
2026-09-13T10:09:15+00:00,7_optimizacion,estrategia_busqueda,LightGBM,,"{""f1"": 0.9501}","{""estrategia"": ""Aleatoria"", ""evaluaciones"": 30}",42,
2026-09-13T10:09:15+00:00,7_optimizacion,estrategia_busqueda,LightGBM,,"{""f1"": 0.9513}","{""estrategia"": ""Bayesiana (Optuna/TPE)"", ""evaluaciones"": 30}",42,
2026-09-13T10:09:16+00:00,7_optimizacion,optuna_tpe,XGBoost,v06_seleccionado_arbol,{},"{""n_estimators"": 596, ""max_depth"": 6, ""learning_rate"": 0.06077933753233006, ""subsample"": 0.7239015604990822, ""colsample_bytree"": 0.7066152446998185, ""min_child_weight"": 1, ""reg_lambda"": 0.03917832303073568}",42,
2026-09-13T10:09:16+00:00,7_optimizacion,optuna_tpe,LightGBM,v06_seleccionado_arbol,{},"{""n_estimators"": 355, ""num_leaves"": 118, ""max_depth"": 11, ""learning_rate"": 0.10054871218671431, ""subsample"": 0.7061583976302458, ""colsample_bytree"": 0.9437884106748379, ""reg_lambda"": 3.2161320271888854, ""min_child_samples"": 6}",42,
2026-09-13T10:09:16+00:00,7_optimizacion,optuna_tpe,RandomForest,v06_seleccionado_arbol,{},"{""n_estimators"": 252, ""max_depth"": 26, ""max_features"": 0.7027868748116165, ""min_samples_split"": 3, ""min_samples_leaf"": 1}",42,
2026-09-13T10:09:16+00:00,7_optimizacion,cv_anidada,LightGBM,v06_seleccionado_arbol,"{""f1_anidada"": 0.9608}",{},42,
2026-09-13T10:09:17+00:00,8_evaluacion,test_reservado,LightGBM,test reservado,"{""accuracy"": 0.9732, ""balanced_accuracy"": 0.9705, ""precision"": 0.9615, ""recall"": 0.9618, ""especificidad"": 0.9793, ""f1"": 0.9616, ""mcc"": 0.941, ""roc_auc"": 0.9956, ""pr_auc"": 0.9924, ""brier"": 0.0207}","{""n_estimators"": 355, ""num_leaves"": 118, ""max_depth"": 11, ""learning_rate"": 0.10054871218671431, ""subsample"": 0.7061583976302458, ""colsample_bytree"": 0.9437884106748379, ""reg_lambda"": 3.2161320271888854, ""min_child_samples"": 6}",42,
2026-09-13T10:09:22+00:00,10_robustez,fuera_de_distribucion,LightGBM,,"{""f1_ood"": 0.7976, ""caida_f1"": 0.164}",{},42,
2026-09-13T10:10:08+00:00,2_preprocesamiento,imputacion,LogisticRegression,train con NaN,"{""f1"": 0.88453, ""mcc"": 0.82212}","{""imputador"": ""media""}",42,
2026-09-13T10:10:08+00:00,2_preprocesamiento,imputacion,LogisticRegression,train con NaN,"{""f1"": 0.88378, ""mcc"": 0.82079}","{""imputador"": ""mediana""}",42,
2026-09-13T10:10:08+00:00,2_preprocesamiento,imputacion,LogisticRegression,train con NaN,"{""f1"": 0.88183, ""mcc"": 0.81757}","{""imputador"": ""moda""}",42,
2026-09-13T10:10:08+00:00,2_preprocesamiento,imputacion,LogisticRegression,train con NaN,"{""f1"": 0.90473, ""mcc"": 0.85279}","{""imputador"": ""constante_-1""}",42,
2026-09-13T10:10:08+00:00,2_preprocesamiento,imputacion,LogisticRegression,train con NaN,"{""f1"": 0.90569, ""mcc"": 0.85446}","{""imputador"": ""mediana+indicador""}",42,
2026-09-13T10:10:08+00:00,2_preprocesamiento,imputacion,LogisticRegression,train con NaN,"{""f1"": 0.90567, ""mcc"": 0.85443}","{""imputador"": ""media+indicador""}",42,
2026-09-13T10:10:08+00:00,2_preprocesamiento,imputacion,LogisticRegression,train con NaN,"{""f1"": 0.88827, ""mcc"": 0.82841}","{""imputador"": ""mediana_ref""}",42,
2026-09-13T10:10:08+00:00,2_preprocesamiento,imputacion,LogisticRegression,train con NaN,"{""f1"": 0.89486, ""mcc"": 0.8382}","{""imputador"": ""knn_k5""}",42,
2026-09-13T10:10:08+00:00,2_preprocesamiento,imputacion,LogisticRegression,train con NaN,"{""f1"": 0.88477, ""mcc"": 0.82337}","{""imputador"": ""mice""}",42,
2026-09-13T10:10:08+00:00,2_preprocesamiento,escalado,LogisticRegression,v04_imputado,"{""f1"": 0.87052, ""mcc"": 0.79965}","{""escalador"": ""sin_escalar""}",42,
2026-09-13T10:10:08+00:00,2_preprocesamiento,escalado,LogisticRegression,v04_imputado,"{""f1"": 0.90577, ""mcc"": 0.85458}","{""escalador"": ""StandardScaler""}",42,
2026-09-13T10:10:08+00:00,2_preprocesamiento,escalado,LogisticRegression,v04_imputado,"{""f1"": 0.89932, ""mcc"": 0.84398}","{""escalador"": ""MinMaxScaler""}",42,
2026-09-13T10:10:08+00:00,2_preprocesamiento,escalado,LogisticRegression,v04_imputado,"{""f1"": 0.9058, ""mcc"": 0.85463}","{""escalador"": ""RobustScaler""}",42,
2026-09-13T10:10:08+00:00,2_preprocesamiento,escalado,LogisticRegression,v04_imputado,"{""f1"": 0.89937, ""mcc"": 0.84405}","{""escalador"": ""MaxAbsScaler""}",42,
2026-09-13T10:10:08+00:00,2_preprocesamiento,escalado,LogisticRegression,v04_imputado,"{""f1"": 0.90364, ""mcc"": 0.85135}","{""escalador"": ""PowerTransformer(YJ)""}",42,
2026-09-13T10:10:08+00:00,3_seleccion,seleccion_variables,LogisticRegression,v05_escalado,"{""f1"": 0.90575, ""mcc"": 0.85456}","{""subconjunto"": ""full"", ""n"": 177}",42,
2026-09-13T10:10:08+00:00,3_seleccion,seleccion_variables,LogisticRegression,v05_escalado,"{""f1"": 0.89959, ""mcc"": 0.84499}","{""subconjunto"": ""variance"", ""n"": 109}",42,
2026-09-13T10:10:08+00:00,3_seleccion,seleccion_variables,LogisticRegression,v05_escalado,"{""f1"": 0.89964, ""mcc"": 0.84506}","{""subconjunto"": ""filter_corr"", ""n"": 54}",42,
2026-09-13T10:10:08+00:00,3_seleccion,seleccion_variables,LogisticRegression,v05_escalado,"{""f1"": 0.8997, ""mcc"": 0.84515}","{""subconjunto"": ""embedded_l1"", ""n"": 59}",42,
2026-09-13T10:10:08+00:00,3_seleccion,seleccion_variables,LogisticRegression,v05_escalado,"{""f1"": 0.86844, ""mcc"": 0.79626}","{""subconjunto"": ""embedded_tree"", ""n"": 55}",42,
2026-09-13T10:10:08+00:00,3_seleccion,seleccion_variables,LogisticRegression,v05_escalado,"{""f1"": 0.89959, ""mcc"": 0.84499}","{""subconjunto"": ""wrapper"", ""n"": 109}",42,
2026-09-13T10:10:08+00:00,4_reduccion,representacion,LogisticRegression,,"{""f1"": 0.90575, ""mcc"": 0.85456}","{""representacion"": ""completa (177)"", ""n"": 177}",42,
2026-09-13T10:10:08+00:00,4_reduccion,representacion,LogisticRegression,,"{""f1"": 0.89964, ""mcc"": 0.84506}","{""representacion"": ""selecci\u00f3n (54)"", ""n"": 54}",42,
2026-09-13T10:10:08+00:00,4_reduccion,representacion,LogisticRegression,,"{""f1"": 0.8793, ""mcc"": 0.81337}","{""representacion"": ""PCA (48)"", ""n"": 48}",42,
2026-09-13T10:10:08+00:00,4_reduccion,representacion,LogisticRegression,,"{""f1"": 0.89997, ""mcc"": 0.84472}","{""representacion"": ""LDA (1)"", ""n"": 1}",42,
2026-09-13T10:10:09+00:00,5_balanceo,balanceo,LogisticRegression,v06_seleccionado,"{""f1"": 0.89964, ""mcc"": 0.84506, ""recall"": 0.90715}","{""esquema"": ""sin_balanceo""}",42,
2026-09-13T10:10:09+00:00,5_balanceo,balanceo,LogisticRegression,v06_seleccionado,"{""f1"": 0.89372, ""mcc"": 0.83469, ""recall"": 0.94191}","{""esquema"": ""balanced""}",42,
2026-09-13T10:10:09+00:00,5_balanceo,balanceo,LogisticRegression,v06_seleccionado,"{""f1"": 0.89216, ""mcc"": 0.8323, ""recall"": 0.94433}","{""esquema"": ""peso_2:1""}",42,
2026-09-13T10:10:09+00:00,5_balanceo,balanceo,LogisticRegression,v06_seleccionado,"{""f1"": 0.88823, ""mcc"": 0.82684, ""recall"": 0.95933}","{""esquema"": ""peso_3:1""}",42,
2026-09-13T10:10:09+00:00,5_balanceo,balanceo,LogisticRegression,v06_seleccionado,"{""f1"": 0.89379, ""mcc"": 0.83477, ""recall"": 0.9397}","{""esquema"": ""SMOTE""}",42,
2026-09-13T10:10:09+00:00,5_balanceo,balanceo,LogisticRegression,v06_seleccionado,"{""f1"": 0.88262, ""mcc"": 0.81854, ""recall"": 0.96417}","{""esquema"": ""BorderlineSMOTE""}",42,
2026-09-13T10:10:09+00:00,5_balanceo,balanceo,LogisticRegression,v06_seleccionado,"{""f1"": 0.88401, ""mcc"": 0.82063, ""recall"": 0.96351}","{""esquema"": ""ADASYN""}",42,
2026-09-13T10:10:09+00:00,5_balanceo,balanceo,LogisticRegression,v06_seleccionado,"{""f1"": 0.89336, ""mcc"": 0.83412, ""recall"": 0.94146}","{""esquema"": ""RandomOver""}",42,
2026-09-13T10:10:09+00:00,5_balanceo,balanceo,LogisticRegression,v06_seleccionado,"{""f1"": 0.89337, ""mcc"": 0.83414, ""recall"": 0.94175}","{""esquema"": ""RandomUnder""}",42,
2026-09-13T10:10:09+00:00,5_balanceo,balanceo,LogisticRegression,v06_seleccionado,"{""f1"": 0.89999, ""mcc"": 0.84534, ""recall"": 0.91141}","{""esquema"": ""TomekLinks""}",42,
2026-09-13T10:10:09+00:00,5_balanceo,balanceo,LogisticRegression,v06_seleccionado,"{""f1"": 0.89866, ""mcc"": 0.84241, ""recall"": 0.93605}","{""esquema"": ""ENN""}",42,
2026-09-13T10:10:09+00:00,5_balanceo,balanceo,LogisticRegression,v06_seleccionado,"{""f1"": 0.88206, ""mcc"": 0.81619, ""recall"": 0.93076}","{""esquema"": ""NearMiss-1""}",42,
2026-09-13T10:10:09+00:00,5_balanceo,balanceo,LogisticRegression,v06_seleccionado,"{""f1"": 0.89451, ""mcc"": 0.83589, ""recall"": 0.9392}","{""esquema"": ""SMOTETomek""}",42,
2026-09-13T10:10:09+00:00,5_balanceo,balanceo,LogisticRegression,v06_seleccionado,"{""f1"": 0.89718, ""mcc"": 0.84017, ""recall"": 0.92748}","{""esquema"": ""SMOTEENN""}",42,
2026-09-13T10:10:10+00:00,7_optimizacion,estrategia_busqueda,LightGBM,,"{""f1"": 0.9506}","{""estrategia"": ""Rejilla"", ""evaluaciones"": 16}",42,
2026-09-13T10:10:10+00:00,7_optimizacion,estrategia_busqueda,LightGBM,,"{""f1"": 0.9501}","{""estrategia"": ""Aleatoria"", ""evaluaciones"": 30}",42,
2026-09-13T10:10:10+00:00,7_optimizacion,estrategia_busqueda,LightGBM,,"{""f1"": 0.9513}","{""estrategia"": ""Bayesiana (Optuna/TPE)"", ""evaluaciones"": 30}",42,
2026-09-13T10:10:10+00:00,7_optimizacion,optuna_tpe,XGBoost,v06_seleccionado_arbol,{},"{""n_estimators"": 596, ""max_depth"": 6, ""learning_rate"": 0.06077933753233006, ""subsample"": 0.7239015604990822, ""colsample_bytree"": 0.7066152446998185, ""min_child_weight"": 1, ""reg_lambda"": 0.03917832303073568}",42,
2026-09-13T10:10:10+00:00,7_optimizacion,optuna_tpe,LightGBM,v06_seleccionado_arbol,{},"{""n_estimators"": 355, ""num_leaves"": 118, ""max_depth"": 11, ""learning_rate"": 0.10054871218671431, ""subsample"": 0.7061583976302458, ""colsample_bytree"": 0.9437884106748379, ""reg_lambda"": 3.2161320271888854, ""min_child_samples"": 6}",42,
2026-09-13T10:10:10+00:00,7_optimizacion,optuna_tpe,RandomForest,v06_seleccionado_arbol,{},"{""n_estimators"": 252, ""max_depth"": 26, ""max_features"": 0.7027868748116165, ""min_samples_split"": 3, ""min_samples_leaf"": 1}",42,
2026-09-13T10:10:11+00:00,7_optimizacion,cv_anidada,LightGBM,v06_seleccionado_arbol,"{""f1_anidada"": 0.9608}",{},42,
2026-09-13T10:10:11+00:00,8_evaluacion,test_reservado,LightGBM,test reservado,"{""accuracy"": 0.9732, ""balanced_accuracy"": 0.9705, ""precision"": 0.9615, ""recall"": 0.9618, ""especificidad"": 0.9793, ""f1"": 0.9616, ""mcc"": 0.941, ""roc_auc"": 0.9956, ""pr_auc"": 0.9924, ""brier"": 0.0207}","{""n_estimators"": 355, ""num_leaves"": 118, ""max_depth"": 11, ""learning_rate"": 0.10054871218671431, ""subsample"": 0.7061583976302458, ""colsample_bytree"": 0.9437884106748379, ""reg_lambda"": 3.2161320271888854, ""min_child_samples"": 6}",42,
2026-09-13T10:10:16+00:00,10_robustez,fuera_de_distribucion,LightGBM,,"{""f1_ood"": 0.7976, ""caida_f1"": 0.164}",{},42,
2026-09-13T10:10:58+00:00,2_preprocesamiento,imputacion,LogisticRegression,train con NaN,"{""f1"": 0.88453, ""mcc"": 0.82212}","{""imputador"": ""media""}",42,
2026-09-13T10:10:58+00:00,2_preprocesamiento,imputacion,LogisticRegression,train con NaN,"{""f1"": 0.88378, ""mcc"": 0.82079}","{""imputador"": ""mediana""}",42,
2026-09-13T10:10:58+00:00,2_preprocesamiento,imputacion,LogisticRegression,train con NaN,"{""f1"": 0.88183, ""mcc"": 0.81757}","{""imputador"": ""moda""}",42,
2026-09-13T10:10:58+00:00,2_preprocesamiento,imputacion,LogisticRegression,train con NaN,"{""f1"": 0.90473, ""mcc"": 0.85279}","{""imputador"": ""constante_-1""}",42,
2026-09-13T10:10:58+00:00,2_preprocesamiento,imputacion,LogisticRegression,train con NaN,"{""f1"": 0.90569, ""mcc"": 0.85446}","{""imputador"": ""mediana+indicador""}",42,
2026-09-13T10:10:58+00:00,2_preprocesamiento,imputacion,LogisticRegression,train con NaN,"{""f1"": 0.90567, ""mcc"": 0.85443}","{""imputador"": ""media+indicador""}",42,
2026-09-13T10:10:58+00:00,2_preprocesamiento,imputacion,LogisticRegression,train con NaN,"{""f1"": 0.88827, ""mcc"": 0.82841}","{""imputador"": ""mediana_ref""}",42,
2026-09-13T10:10:58+00:00,2_preprocesamiento,imputacion,LogisticRegression,train con NaN,"{""f1"": 0.89486, ""mcc"": 0.8382}","{""imputador"": ""knn_k5""}",42,
2026-09-13T10:10:58+00:00,2_preprocesamiento,imputacion,LogisticRegression,train con NaN,"{""f1"": 0.88477, ""mcc"": 0.82337}","{""imputador"": ""mice""}",42,
2026-09-13T10:10:59+00:00,2_preprocesamiento,escalado,LogisticRegression,v04_imputado,"{""f1"": 0.87052, ""mcc"": 0.79965}","{""escalador"": ""sin_escalar""}",42,
2026-09-13T10:10:59+00:00,2_preprocesamiento,escalado,LogisticRegression,v04_imputado,"{""f1"": 0.90577, ""mcc"": 0.85458}","{""escalador"": ""StandardScaler""}",42,
2026-09-13T10:10:59+00:00,2_preprocesamiento,escalado,LogisticRegression,v04_imputado,"{""f1"": 0.89932, ""mcc"": 0.84398}","{""escalador"": ""MinMaxScaler""}",42,
2026-09-13T10:10:59+00:00,2_preprocesamiento,escalado,LogisticRegression,v04_imputado,"{""f1"": 0.9058, ""mcc"": 0.85463}","{""escalador"": ""RobustScaler""}",42,
2026-09-13T10:10:59+00:00,2_preprocesamiento,escalado,LogisticRegression,v04_imputado,"{""f1"": 0.89937, ""mcc"": 0.84405}","{""escalador"": ""MaxAbsScaler""}",42,
2026-09-13T10:10:59+00:00,2_preprocesamiento,escalado,LogisticRegression,v04_imputado,"{""f1"": 0.90364, ""mcc"": 0.85135}","{""escalador"": ""PowerTransformer(YJ)""}",42,
2026-09-13T10:10:59+00:00,3_seleccion,seleccion_variables,LogisticRegression,v05_escalado,"{""f1"": 0.90575, ""mcc"": 0.85456}","{""subconjunto"": ""full"", ""n"": 177}",42,
2026-09-13T10:10:59+00:00,3_seleccion,seleccion_variables,LogisticRegression,v05_escalado,"{""f1"": 0.89959, ""mcc"": 0.84499}","{""subconjunto"": ""variance"", ""n"": 109}",42,
2026-09-13T10:10:59+00:00,3_seleccion,seleccion_variables,LogisticRegression,v05_escalado,"{""f1"": 0.89964, ""mcc"": 0.84506}","{""subconjunto"": ""filter_corr"", ""n"": 54}",42,
2026-09-13T10:10:59+00:00,3_seleccion,seleccion_variables,LogisticRegression,v05_escalado,"{""f1"": 0.8997, ""mcc"": 0.84515}","{""subconjunto"": ""embedded_l1"", ""n"": 59}",42,
2026-09-13T10:10:59+00:00,3_seleccion,seleccion_variables,LogisticRegression,v05_escalado,"{""f1"": 0.86844, ""mcc"": 0.79626}","{""subconjunto"": ""embedded_tree"", ""n"": 55}",42,
2026-09-13T10:10:59+00:00,3_seleccion,seleccion_variables,LogisticRegression,v05_escalado,"{""f1"": 0.89959, ""mcc"": 0.84499}","{""subconjunto"": ""wrapper"", ""n"": 109}",42,
2026-09-13T10:10:59+00:00,4_reduccion,representacion,LogisticRegression,,"{""f1"": 0.90575, ""mcc"": 0.85456}","{""representacion"": ""completa (177)"", ""n"": 177}",42,
2026-09-13T10:10:59+00:00,4_reduccion,representacion,LogisticRegression,,"{""f1"": 0.89964, ""mcc"": 0.84506}","{""representacion"": ""selecci\u00f3n (54)"", ""n"": 54}",42,
2026-09-13T10:10:59+00:00,4_reduccion,representacion,LogisticRegression,,"{""f1"": 0.8793, ""mcc"": 0.81337}","{""representacion"": ""PCA (48)"", ""n"": 48}",42,
2026-09-13T10:10:59+00:00,4_reduccion,representacion,LogisticRegression,,"{""f1"": 0.89997, ""mcc"": 0.84472}","{""representacion"": ""LDA (1)"", ""n"": 1}",42,
2026-09-13T10:11:00+00:00,5_balanceo,balanceo,LogisticRegression,v06_seleccionado,"{""f1"": 0.89964, ""mcc"": 0.84506, ""recall"": 0.90715}","{""esquema"": ""sin_balanceo""}",42,
2026-09-13T10:11:00+00:00,5_balanceo,balanceo,LogisticRegression,v06_seleccionado,"{""f1"": 0.89372, ""mcc"": 0.83469, ""recall"": 0.94191}","{""esquema"": ""balanced""}",42,
2026-09-13T10:11:00+00:00,5_balanceo,balanceo,LogisticRegression,v06_seleccionado,"{""f1"": 0.89216, ""mcc"": 0.8323, ""recall"": 0.94433}","{""esquema"": ""peso_2:1""}",42,
2026-09-13T10:11:00+00:00,5_balanceo,balanceo,LogisticRegression,v06_seleccionado,"{""f1"": 0.88823, ""mcc"": 0.82684, ""recall"": 0.95933}","{""esquema"": ""peso_3:1""}",42,
2026-09-13T10:11:00+00:00,5_balanceo,balanceo,LogisticRegression,v06_seleccionado,"{""f1"": 0.89379, ""mcc"": 0.83477, ""recall"": 0.9397}","{""esquema"": ""SMOTE""}",42,
2026-09-13T10:11:00+00:00,5_balanceo,balanceo,LogisticRegression,v06_seleccionado,"{""f1"": 0.88262, ""mcc"": 0.81854, ""recall"": 0.96417}","{""esquema"": ""BorderlineSMOTE""}",42,
2026-09-13T10:11:00+00:00,5_balanceo,balanceo,LogisticRegression,v06_seleccionado,"{""f1"": 0.88401, ""mcc"": 0.82063, ""recall"": 0.96351}","{""esquema"": ""ADASYN""}",42,
2026-09-13T10:11:00+00:00,5_balanceo,balanceo,LogisticRegression,v06_seleccionado,"{""f1"": 0.89336, ""mcc"": 0.83412, ""recall"": 0.94146}","{""esquema"": ""RandomOver""}",42,
2026-09-13T10:11:00+00:00,5_balanceo,balanceo,LogisticRegression,v06_seleccionado,"{""f1"": 0.89337, ""mcc"": 0.83414, ""recall"": 0.94175}","{""esquema"": ""RandomUnder""}",42,
2026-09-13T10:11:00+00:00,5_balanceo,balanceo,LogisticRegression,v06_seleccionado,"{""f1"": 0.89999, ""mcc"": 0.84534, ""recall"": 0.91141}","{""esquema"": ""TomekLinks""}",42,
2026-09-13T10:11:00+00:00,5_balanceo,balanceo,LogisticRegression,v06_seleccionado,"{""f1"": 0.89866, ""mcc"": 0.84241, ""recall"": 0.93605}","{""esquema"": ""ENN""}",42,
2026-09-13T10:11:00+00:00,5_balanceo,balanceo,LogisticRegression,v06_seleccionado,"{""f1"": 0.88206, ""mcc"": 0.81619, ""recall"": 0.93076}","{""esquema"": ""NearMiss-1""}",42,
2026-09-13T10:11:00+00:00,5_balanceo,balanceo,LogisticRegression,v06_seleccionado,"{""f1"": 0.89451, ""mcc"": 0.83589, ""recall"": 0.9392}","{""esquema"": ""SMOTETomek""}",42,
2026-09-13T10:11:00+00:00,5_balanceo,balanceo,LogisticRegression,v06_seleccionado,"{""f1"": 0.89718, ""mcc"": 0.84017, ""recall"": 0.92748}","{""esquema"": ""SMOTEENN""}",42,
2026-09-13T10:11:01+00:00,7_optimizacion,estrategia_busqueda,LightGBM,,"{""f1"": 0.9506}","{""estrategia"": ""Rejilla"", ""evaluaciones"": 16}",42,
2026-09-13T10:11:01+00:00,7_optimizacion,estrategia_busqueda,LightGBM,,"{""f1"": 0.9501}","{""estrategia"": ""Aleatoria"", ""evaluaciones"": 30}",42,
2026-09-13T10:11:01+00:00,7_optimizacion,estrategia_busqueda,LightGBM,,"{""f1"": 0.9513}","{""estrategia"": ""Bayesiana (Optuna/TPE)"", ""evaluaciones"": 30}",42,
2026-09-13T10:11:01+00:00,7_optimizacion,optuna_tpe,XGBoost,v06_seleccionado_arbol,{},"{""n_estimators"": 596, ""max_depth"": 6, ""learning_rate"": 0.06077933753233006, ""subsample"": 0.7239015604990822, ""colsample_bytree"": 0.7066152446998185, ""min_child_weight"": 1, ""reg_lambda"": 0.03917832303073568}",42,
2026-09-13T10:11:01+00:00,7_optimizacion,optuna_tpe,LightGBM,v06_seleccionado_arbol,{},"{""n_estimators"": 355, ""num_leaves"": 118, ""max_depth"": 11, ""learning_rate"": 0.10054871218671431, ""subsample"": 0.7061583976302458, ""colsample_bytree"": 0.9437884106748379, ""reg_lambda"": 3.2161320271888854, ""min_child_samples"": 6}",42,
2026-09-13T10:11:01+00:00,7_optimizacion,optuna_tpe,RandomForest,v06_seleccionado_arbol,{},"{""n_estimators"": 252, ""max_depth"": 26, ""max_features"": 0.7027868748116165, ""min_samples_split"": 3, ""min_samples_leaf"": 1}",42,
2026-09-13T10:11:01+00:00,7_optimizacion,cv_anidada,LightGBM,v06_seleccionado_arbol,"{""f1_anidada"": 0.9608}",{},42,
2026-09-13T10:11:02+00:00,8_evaluacion,test_reservado,LightGBM,test reservado,"{""accuracy"": 0.9732, ""balanced_accuracy"": 0.9705, ""precision"": 0.9615, ""recall"": 0.9618, ""especificidad"": 0.9793, ""f1"": 0.9616, ""mcc"": 0.941, ""roc_auc"": 0.9956, ""pr_auc"": 0.9924, ""brier"": 0.0207}","{""n_estimators"": 355, ""num_leaves"": 118, ""max_depth"": 11, ""learning_rate"": 0.10054871218671431, ""subsample"": 0.7061583976302458, ""colsample_bytree"": 0.9437884106748379, ""reg_lambda"": 3.2161320271888854, ""min_child_samples"": 6}",42,
2026-09-13T10:11:07+00:00,10_robustez,fuera_de_distribucion,LightGBM,,"{""f1_ood"": 0.7976, ""caida_f1"": 0.164}",{},42,
2026-09-13T10:11:37+00:00,2_preprocesamiento,imputacion,LogisticRegression,train con NaN,"{""f1"": 0.88453, ""mcc"": 0.82212}","{""imputador"": ""media""}",42,
2026-09-13T10:11:37+00:00,2_preprocesamiento,imputacion,LogisticRegression,train con NaN,"{""f1"": 0.88378, ""mcc"": 0.82079}","{""imputador"": ""mediana""}",42,
2026-09-13T10:11:37+00:00,2_preprocesamiento,imputacion,LogisticRegression,train con NaN,"{""f1"": 0.88183, ""mcc"": 0.81757}","{""imputador"": ""moda""}",42,
2026-09-13T10:11:37+00:00,2_preprocesamiento,imputacion,LogisticRegression,train con NaN,"{""f1"": 0.90473, ""mcc"": 0.85279}","{""imputador"": ""constante_-1""}",42,
2026-09-13T10:11:37+00:00,2_preprocesamiento,imputacion,LogisticRegression,train con NaN,"{""f1"": 0.90569, ""mcc"": 0.85446}","{""imputador"": ""mediana+indicador""}",42,
2026-09-13T10:11:37+00:00,2_preprocesamiento,imputacion,LogisticRegression,train con NaN,"{""f1"": 0.90567, ""mcc"": 0.85443}","{""imputador"": ""media+indicador""}",42,
2026-09-13T10:11:37+00:00,2_preprocesamiento,imputacion,LogisticRegression,train con NaN,"{""f1"": 0.88827, ""mcc"": 0.82841}","{""imputador"": ""mediana_ref""}",42,
2026-09-13T10:11:37+00:00,2_preprocesamiento,imputacion,LogisticRegression,train con NaN,"{""f1"": 0.89486, ""mcc"": 0.8382}","{""imputador"": ""knn_k5""}",42,
2026-09-13T10:11:37+00:00,2_preprocesamiento,imputacion,LogisticRegression,train con NaN,"{""f1"": 0.88477, ""mcc"": 0.82337}","{""imputador"": ""mice""}",42,
2026-09-13T10:11:37+00:00,2_preprocesamiento,escalado,LogisticRegression,v04_imputado,"{""f1"": 0.87052, ""mcc"": 0.79965}","{""escalador"": ""sin_escalar""}",42,
2026-09-13T10:11:37+00:00,2_preprocesamiento,escalado,LogisticRegression,v04_imputado,"{""f1"": 0.90577, ""mcc"": 0.85458}","{""escalador"": ""StandardScaler""}",42,
2026-09-13T10:11:37+00:00,2_preprocesamiento,escalado,LogisticRegression,v04_imputado,"{""f1"": 0.89932, ""mcc"": 0.84398}","{""escalador"": ""MinMaxScaler""}",42,
2026-09-13T10:11:37+00:00,2_preprocesamiento,escalado,LogisticRegression,v04_imputado,"{""f1"": 0.9058, ""mcc"": 0.85463}","{""escalador"": ""RobustScaler""}",42,
2026-09-13T10:11:37+00:00,2_preprocesamiento,escalado,LogisticRegression,v04_imputado,"{""f1"": 0.89937, ""mcc"": 0.84405}","{""escalador"": ""MaxAbsScaler""}",42,
2026-09-13T10:11:37+00:00,2_preprocesamiento,escalado,LogisticRegression,v04_imputado,"{""f1"": 0.90364, ""mcc"": 0.85135}","{""escalador"": ""PowerTransformer(YJ)""}",42,
2026-09-13T10:11:38+00:00,3_seleccion,seleccion_variables,LogisticRegression,v05_escalado,"{""f1"": 0.90575, ""mcc"": 0.85456}","{""subconjunto"": ""full"", ""n"": 177}",42,
2026-09-13T10:11:38+00:00,3_seleccion,seleccion_variables,LogisticRegression,v05_escalado,"{""f1"": 0.89959, ""mcc"": 0.84499}","{""subconjunto"": ""variance"", ""n"": 109}",42,
2026-09-13T10:11:38+00:00,3_seleccion,seleccion_variables,LogisticRegression,v05_escalado,"{""f1"": 0.89964, ""mcc"": 0.84506}","{""subconjunto"": ""filter_corr"", ""n"": 54}",42,
2026-09-13T10:11:38+00:00,3_seleccion,seleccion_variables,LogisticRegression,v05_escalado,"{""f1"": 0.8997, ""mcc"": 0.84515}","{""subconjunto"": ""embedded_l1"", ""n"": 59}",42,
2026-09-13T10:11:38+00:00,3_seleccion,seleccion_variables,LogisticRegression,v05_escalado,"{""f1"": 0.86844, ""mcc"": 0.79626}","{""subconjunto"": ""embedded_tree"", ""n"": 55}",42,
2026-09-13T10:11:38+00:00,3_seleccion,seleccion_variables,LogisticRegression,v05_escalado,"{""f1"": 0.89959, ""mcc"": 0.84499}","{""subconjunto"": ""wrapper"", ""n"": 109}",42,
2026-09-13T10:11:38+00:00,4_reduccion,representacion,LogisticRegression,,"{""f1"": 0.90575, ""mcc"": 0.85456}","{""representacion"": ""completa (177)"", ""n"": 177}",42,
2026-09-13T10:11:38+00:00,4_reduccion,representacion,LogisticRegression,,"{""f1"": 0.89964, ""mcc"": 0.84506}","{""representacion"": ""selecci\u00f3n (54)"", ""n"": 54}",42,
2026-09-13T10:11:38+00:00,4_reduccion,representacion,LogisticRegression,,"{""f1"": 0.8793, ""mcc"": 0.81337}","{""representacion"": ""PCA (48)"", ""n"": 48}",42,
2026-09-13T10:11:38+00:00,4_reduccion,representacion,LogisticRegression,,"{""f1"": 0.89997, ""mcc"": 0.84472}","{""representacion"": ""LDA (1)"", ""n"": 1}",42,
2026-09-13T10:11:39+00:00,5_balanceo,balanceo,LogisticRegression,v06_seleccionado,"{""f1"": 0.89964, ""mcc"": 0.84506, ""recall"": 0.90715}","{""esquema"": ""sin_balanceo""}",42,
2026-09-13T10:11:39+00:00,5_balanceo,balanceo,LogisticRegression,v06_seleccionado,"{""f1"": 0.89372, ""mcc"": 0.83469, ""recall"": 0.94191}","{""esquema"": ""balanced""}",42,
2026-09-13T10:11:39+00:00,5_balanceo,balanceo,LogisticRegression,v06_seleccionado,"{""f1"": 0.89216, ""mcc"": 0.8323, ""recall"": 0.94433}","{""esquema"": ""peso_2:1""}",42,
2026-09-13T10:11:39+00:00,5_balanceo,balanceo,LogisticRegression,v06_seleccionado,"{""f1"": 0.88823, ""mcc"": 0.82684, ""recall"": 0.95933}","{""esquema"": ""peso_3:1""}",42,
2026-09-13T10:11:39+00:00,5_balanceo,balanceo,LogisticRegression,v06_seleccionado,"{""f1"": 0.89379, ""mcc"": 0.83477, ""recall"": 0.9397}","{""esquema"": ""SMOTE""}",42,
2026-09-13T10:11:39+00:00,5_balanceo,balanceo,LogisticRegression,v06_seleccionado,"{""f1"": 0.88262, ""mcc"": 0.81854, ""recall"": 0.96417}","{""esquema"": ""BorderlineSMOTE""}",42,
2026-09-13T10:11:39+00:00,5_balanceo,balanceo,LogisticRegression,v06_seleccionado,"{""f1"": 0.88401, ""mcc"": 0.82063, ""recall"": 0.96351}","{""esquema"": ""ADASYN""}",42,
2026-09-13T10:11:39+00:00,5_balanceo,balanceo,LogisticRegression,v06_seleccionado,"{""f1"": 0.89336, ""mcc"": 0.83412, ""recall"": 0.94146}","{""esquema"": ""RandomOver""}",42,
2026-09-13T10:11:39+00:00,5_balanceo,balanceo,LogisticRegression,v06_seleccionado,"{""f1"": 0.89337, ""mcc"": 0.83414, ""recall"": 0.94175}","{""esquema"": ""RandomUnder""}",42,
2026-09-13T10:11:39+00:00,5_balanceo,balanceo,LogisticRegression,v06_seleccionado,"{""f1"": 0.89999, ""mcc"": 0.84534, ""recall"": 0.91141}","{""esquema"": ""TomekLinks""}",42,
2026-09-13T10:11:39+00:00,5_balanceo,balanceo,LogisticRegression,v06_seleccionado,"{""f1"": 0.89866, ""mcc"": 0.84241, ""recall"": 0.93605}","{""esquema"": ""ENN""}",42,
2026-09-13T10:11:39+00:00,5_balanceo,balanceo,LogisticRegression,v06_seleccionado,"{""f1"": 0.88206, ""mcc"": 0.81619, ""recall"": 0.93076}","{""esquema"": ""NearMiss-1""}",42,
2026-09-13T10:11:39+00:00,5_balanceo,balanceo,LogisticRegression,v06_seleccionado,"{""f1"": 0.89451, ""mcc"": 0.83589, ""recall"": 0.9392}","{""esquema"": ""SMOTETomek""}",42,
2026-09-13T10:11:39+00:00,5_balanceo,balanceo,LogisticRegression,v06_seleccionado,"{""f1"": 0.89718, ""mcc"": 0.84017, ""recall"": 0.92748}","{""esquema"": ""SMOTEENN""}",42,
2026-09-13T10:11:39+00:00,7_optimizacion,estrategia_busqueda,LightGBM,,"{""f1"": 0.9506}","{""estrategia"": ""Rejilla"", ""evaluaciones"": 16}",42,
2026-09-13T10:11:39+00:00,7_optimizacion,estrategia_busqueda,LightGBM,,"{""f1"": 0.9501}","{""estrategia"": ""Aleatoria"", ""evaluaciones"": 30}",42,
2026-09-13T10:11:39+00:00,7_optimizacion,estrategia_busqueda,LightGBM,,"{""f1"": 0.9513}","{""estrategia"": ""Bayesiana (Optuna/TPE)"", ""evaluaciones"": 30}",42,
2026-09-13T10:11:39+00:00,7_optimizacion,optuna_tpe,XGBoost,v06_seleccionado_arbol,{},"{""n_estimators"": 596, ""max_depth"": 6, ""learning_rate"": 0.06077933753233006, ""subsample"": 0.7239015604990822, ""colsample_bytree"": 0.7066152446998185, ""min_child_weight"": 1, ""reg_lambda"": 0.03917832303073568}",42,
2026-09-13T10:11:39+00:00,7_optimizacion,optuna_tpe,LightGBM,v06_seleccionado_arbol,{},"{""n_estimators"": 355, ""num_leaves"": 118, ""max_depth"": 11, ""learning_rate"": 0.10054871218671431, ""subsample"": 0.7061583976302458, ""colsample_bytree"": 0.9437884106748379, ""reg_lambda"": 3.2161320271888854, ""min_child_samples"": 6}",42,
2026-09-13T10:11:39+00:00,7_optimizacion,optuna_tpe,RandomForest,v06_seleccionado_arbol,{},"{""n_estimators"": 252, ""max_depth"": 26, ""max_features"": 0.7027868748116165, ""min_samples_split"": 3, ""min_samples_leaf"": 1}",42,
2026-09-13T10:11:40+00:00,7_optimizacion,cv_anidada,LightGBM,v06_seleccionado_arbol,"{""f1_anidada"": 0.9608}",{},42,
2026-09-13T10:11:41+00:00,8_evaluacion,test_reservado,LightGBM,test reservado,"{""accuracy"": 0.9732, ""balanced_accuracy"": 0.9705, ""precision"": 0.9615, ""recall"": 0.9618, ""especificidad"": 0.9793, ""f1"": 0.9616, ""mcc"": 0.941, ""roc_auc"": 0.9956, ""pr_auc"": 0.9924, ""brier"": 0.0207}","{""n_estimators"": 355, ""num_leaves"": 118, ""max_depth"": 11, ""learning_rate"": 0.10054871218671431, ""subsample"": 0.7061583976302458, ""colsample_bytree"": 0.9437884106748379, ""reg_lambda"": 3.2161320271888854, ""min_child_samples"": 6}",42,
2026-09-13T10:11:45+00:00,10_robustez,fuera_de_distribucion,LightGBM,,"{""f1_ood"": 0.7976, ""caida_f1"": 0.164}",{},42,
2026-09-13T10:35:40+00:00,2_preprocesamiento,imputacion,LogisticRegression,train con NaN,"{""f1"": 0.88453, ""mcc"": 0.82212}","{""imputador"": ""media""}",42,
2026-09-13T10:35:40+00:00,2_preprocesamiento,imputacion,LogisticRegression,train con NaN,"{""f1"": 0.88378, ""mcc"": 0.82079}","{""imputador"": ""mediana""}",42,
2026-09-13T10:35:40+00:00,2_preprocesamiento,imputacion,LogisticRegression,train con NaN,"{""f1"": 0.88183, ""mcc"": 0.81757}","{""imputador"": ""moda""}",42,
2026-09-13T10:35:40+00:00,2_preprocesamiento,imputacion,LogisticRegression,train con NaN,"{""f1"": 0.90473, ""mcc"": 0.85279}","{""imputador"": ""constante_-1""}",42,
2026-09-13T10:35:40+00:00,2_preprocesamiento,imputacion,LogisticRegression,train con NaN,"{""f1"": 0.90569, ""mcc"": 0.85446}","{""imputador"": ""mediana+indicador""}",42,
2026-09-13T10:35:40+00:00,2_preprocesamiento,imputacion,LogisticRegression,train con NaN,"{""f1"": 0.90567, ""mcc"": 0.85443}","{""imputador"": ""media+indicador""}",42,
2026-09-13T10:35:40+00:00,2_preprocesamiento,imputacion,LogisticRegression,train con NaN,"{""f1"": 0.88827, ""mcc"": 0.82841}","{""imputador"": ""mediana_ref""}",42,
2026-09-13T10:35:40+00:00,2_preprocesamiento,imputacion,LogisticRegression,train con NaN,"{""f1"": 0.89486, ""mcc"": 0.8382}","{""imputador"": ""knn_k5""}",42,
2026-09-13T10:35:40+00:00,2_preprocesamiento,imputacion,LogisticRegression,train con NaN,"{""f1"": 0.88477, ""mcc"": 0.82337}","{""imputador"": ""mice""}",42,
2026-09-13T10:35:41+00:00,2_preprocesamiento,escalado,LogisticRegression,v04_imputado,"{""f1"": 0.87052, ""mcc"": 0.79965}","{""escalador"": ""sin_escalar""}",42,
2026-09-13T10:35:41+00:00,2_preprocesamiento,escalado,LogisticRegression,v04_imputado,"{""f1"": 0.90577, ""mcc"": 0.85458}","{""escalador"": ""StandardScaler""}",42,
2026-09-13T10:35:41+00:00,2_preprocesamiento,escalado,LogisticRegression,v04_imputado,"{""f1"": 0.89932, ""mcc"": 0.84398}","{""escalador"": ""MinMaxScaler""}",42,
2026-09-13T10:35:41+00:00,2_preprocesamiento,escalado,LogisticRegression,v04_imputado,"{""f1"": 0.9058, ""mcc"": 0.85463}","{""escalador"": ""RobustScaler""}",42,
2026-09-13T10:35:41+00:00,2_preprocesamiento,escalado,LogisticRegression,v04_imputado,"{""f1"": 0.89937, ""mcc"": 0.84405}","{""escalador"": ""MaxAbsScaler""}",42,
2026-09-13T10:35:41+00:00,2_preprocesamiento,escalado,LogisticRegression,v04_imputado,"{""f1"": 0.90364, ""mcc"": 0.85135}","{""escalador"": ""PowerTransformer(YJ)""}",42,
2026-09-13T10:35:41+00:00,3_seleccion,seleccion_variables,LogisticRegression,v05_escalado,"{""f1"": 0.90575, ""mcc"": 0.85456}","{""subconjunto"": ""full"", ""n"": 177}",42,
2026-09-13T10:35:41+00:00,3_seleccion,seleccion_variables,LogisticRegression,v05_escalado,"{""f1"": 0.89959, ""mcc"": 0.84499}","{""subconjunto"": ""variance"", ""n"": 109}",42,
2026-09-13T10:35:41+00:00,3_seleccion,seleccion_variables,LogisticRegression,v05_escalado,"{""f1"": 0.89964, ""mcc"": 0.84506}","{""subconjunto"": ""filter_corr"", ""n"": 54}",42,
2026-09-13T10:35:41+00:00,3_seleccion,seleccion_variables,LogisticRegression,v05_escalado,"{""f1"": 0.8997, ""mcc"": 0.84515}","{""subconjunto"": ""embedded_l1"", ""n"": 59}",42,
2026-09-13T10:35:41+00:00,3_seleccion,seleccion_variables,LogisticRegression,v05_escalado,"{""f1"": 0.86844, ""mcc"": 0.79626}","{""subconjunto"": ""embedded_tree"", ""n"": 55}",42,
2026-09-13T10:35:41+00:00,3_seleccion,seleccion_variables,LogisticRegression,v05_escalado,"{""f1"": 0.89959, ""mcc"": 0.84499}","{""subconjunto"": ""wrapper"", ""n"": 109}",42,
2026-09-13T10:35:41+00:00,4_reduccion,representacion,LogisticRegression,,"{""f1"": 0.90575, ""mcc"": 0.85456}","{""representacion"": ""completa (177)"", ""n"": 177}",42,
2026-09-13T10:35:41+00:00,4_reduccion,representacion,LogisticRegression,,"{""f1"": 0.89964, ""mcc"": 0.84506}","{""representacion"": ""selecci\u00f3n (54)"", ""n"": 54}",42,
2026-09-13T10:35:41+00:00,4_reduccion,representacion,LogisticRegression,,"{""f1"": 0.8793, ""mcc"": 0.81337}","{""representacion"": ""PCA (48)"", ""n"": 48}",42,
2026-09-13T10:35:41+00:00,4_reduccion,representacion,LogisticRegression,,"{""f1"": 0.89997, ""mcc"": 0.84472}","{""representacion"": ""LDA (1)"", ""n"": 1}",42,
2026-09-13T10:35:42+00:00,5_balanceo,balanceo,LogisticRegression,v06_seleccionado,"{""f1"": 0.89964, ""mcc"": 0.84506, ""recall"": 0.90715}","{""esquema"": ""sin_balanceo""}",42,
2026-09-13T10:35:42+00:00,5_balanceo,balanceo,LogisticRegression,v06_seleccionado,"{""f1"": 0.89372, ""mcc"": 0.83469, ""recall"": 0.94191}","{""esquema"": ""balanced""}",42,
2026-09-13T10:35:42+00:00,5_balanceo,balanceo,LogisticRegression,v06_seleccionado,"{""f1"": 0.89216, ""mcc"": 0.8323, ""recall"": 0.94433}","{""esquema"": ""peso_2:1""}",42,
2026-09-13T10:35:42+00:00,5_balanceo,balanceo,LogisticRegression,v06_seleccionado,"{""f1"": 0.88823, ""mcc"": 0.82684, ""recall"": 0.95933}","{""esquema"": ""peso_3:1""}",42,
2026-09-13T10:35:42+00:00,5_balanceo,balanceo,LogisticRegression,v06_seleccionado,"{""f1"": 0.89379, ""mcc"": 0.83477, ""recall"": 0.9397}","{""esquema"": ""SMOTE""}",42,
2026-09-13T10:35:42+00:00,5_balanceo,balanceo,LogisticRegression,v06_seleccionado,"{""f1"": 0.88262, ""mcc"": 0.81854, ""recall"": 0.96417}","{""esquema"": ""BorderlineSMOTE""}",42,
2026-09-13T10:35:42+00:00,5_balanceo,balanceo,LogisticRegression,v06_seleccionado,"{""f1"": 0.88401, ""mcc"": 0.82063, ""recall"": 0.96351}","{""esquema"": ""ADASYN""}",42,
2026-09-13T10:35:42+00:00,5_balanceo,balanceo,LogisticRegression,v06_seleccionado,"{""f1"": 0.89336, ""mcc"": 0.83412, ""recall"": 0.94146}","{""esquema"": ""RandomOver""}",42,
2026-09-13T10:35:42+00:00,5_balanceo,balanceo,LogisticRegression,v06_seleccionado,"{""f1"": 0.89337, ""mcc"": 0.83414, ""recall"": 0.94175}","{""esquema"": ""RandomUnder""}",42,
2026-09-13T10:35:42+00:00,5_balanceo,balanceo,LogisticRegression,v06_seleccionado,"{""f1"": 0.89999, ""mcc"": 0.84534, ""recall"": 0.91141}","{""esquema"": ""TomekLinks""}",42,
2026-09-13T10:35:42+00:00,5_balanceo,balanceo,LogisticRegression,v06_seleccionado,"{""f1"": 0.89866, ""mcc"": 0.84241, ""recall"": 0.93605}","{""esquema"": ""ENN""}",42,
2026-09-13T10:35:42+00:00,5_balanceo,balanceo,LogisticRegression,v06_seleccionado,"{""f1"": 0.88206, ""mcc"": 0.81619, ""recall"": 0.93076}","{""esquema"": ""NearMiss-1""}",42,
2026-09-13T10:35:42+00:00,5_balanceo,balanceo,LogisticRegression,v06_seleccionado,"{""f1"": 0.89451, ""mcc"": 0.83589, ""recall"": 0.9392}","{""esquema"": ""SMOTETomek""}",42,
2026-09-13T10:35:42+00:00,5_balanceo,balanceo,LogisticRegression,v06_seleccionado,"{""f1"": 0.89718, ""mcc"": 0.84017, ""recall"": 0.92748}","{""esquema"": ""SMOTEENN""}",42,
2026-09-13T10:35:43+00:00,7_optimizacion,estrategia_busqueda,LightGBM,,"{""f1"": 0.9506}","{""estrategia"": ""Rejilla"", ""evaluaciones"": 16}",42,
2026-09-13T10:35:43+00:00,7_optimizacion,estrategia_busqueda,LightGBM,,"{""f1"": 0.9501}","{""estrategia"": ""Aleatoria"", ""evaluaciones"": 30}",42,
2026-09-13T10:35:43+00:00,7_optimizacion,estrategia_busqueda,LightGBM,,"{""f1"": 0.9513}","{""estrategia"": ""Bayesiana (Optuna/TPE)"", ""evaluaciones"": 30}",42,
2026-09-13T10:35:43+00:00,7_optimizacion,optuna_tpe,XGBoost,v06_seleccionado_arbol,{},"{""n_estimators"": 596, ""max_depth"": 6, ""learning_rate"": 0.06077933753233006, ""subsample"": 0.7239015604990822, ""colsample_bytree"": 0.7066152446998185, ""min_child_weight"": 1, ""reg_lambda"": 0.03917832303073568}",42,
2026-09-13T10:35:43+00:00,7_optimizacion,optuna_tpe,LightGBM,v06_seleccionado_arbol,{},"{""n_estimators"": 355, ""num_leaves"": 118, ""max_depth"": 11, ""learning_rate"": 0.10054871218671431, ""subsample"": 0.7061583976302458, ""colsample_bytree"": 0.9437884106748379, ""reg_lambda"": 3.2161320271888854, ""min_child_samples"": 6}",42,
2026-09-13T10:35:43+00:00,7_optimizacion,optuna_tpe,RandomForest,v06_seleccionado_arbol,{},"{""n_estimators"": 252, ""max_depth"": 26, ""max_features"": 0.7027868748116165, ""min_samples_split"": 3, ""min_samples_leaf"": 1}",42,
2026-09-13T10:35:43+00:00,7_optimizacion,cv_anidada,LightGBM,v06_seleccionado_arbol,"{""f1_anidada"": 0.9608}",{},42,
2026-09-13T10:35:44+00:00,8_evaluacion,test_reservado,LightGBM,test reservado,"{""accuracy"": 0.9732, ""balanced_accuracy"": 0.9705, ""precision"": 0.9615, ""recall"": 0.9618, ""especificidad"": 0.9793, ""f1"": 0.9616, ""mcc"": 0.941, ""roc_auc"": 0.9956, ""pr_auc"": 0.9924, ""brier"": 0.0207}","{""n_estimators"": 355, ""num_leaves"": 118, ""max_depth"": 11, ""learning_rate"": 0.10054871218671431, ""subsample"": 0.7061583976302458, ""colsample_bytree"": 0.9437884106748379, ""reg_lambda"": 3.2161320271888854, ""min_child_samples"": 6}",42,
2026-09-13T10:35:50+00:00,10_robustez,fuera_de_distribucion,LightGBM,,"{""f1_ood"": 0.7976, ""caida_f1"": 0.164}",{},42,
